ElapsedTime,PacketLossRate
0.000,0.9983
0.000,0.9965
0.015,0.9960
0.028,0.9950
0.041,0.9938
0.055,0.9928
0.069,0.9928
0.081,0.9928
0.096,0.9928
0.110,0.9928
0.123,0.9918
0.139,0.9905
0.152,0.9898
0.166,0.9890
0.179,0.9880
0.193,0.9875
0.207,0.9875
0.220,0.9875
0.234,0.9875
0.248,0.9870
0.262,0.9860
0.277,0.9853
0.290,0.9853
0.304,0.9853
0.317,0.9853
0.331,0.9853
0.345,0.9853
0.359,0.9853
0.373,0.9853
0.387,0.9853
0.400,0.9853
0.415,0.9853
0.429,0.9853
0.442,0.9853
0.457,0.9853
0.470,0.9853
0.484,0.9853
0.498,0.9853
0.512,0.9853
0.526,0.9853
0.539,0.9853
0.554,0.9853
0.568,0.9853
0.581,0.9853
0.596,0.9853
0.609,0.9853
0.623,0.9853
0.637,0.9853
0.651,0.9853
0.665,0.9853
0.678,0.9853
0.693,0.9853
0.707,0.9853
0.720,0.9853
0.734,0.9853
0.748,0.9853
0.761,0.9853
0.776,0.9853
0.790,0.9853
0.803,0.9853
0.818,0.9758
0.836,0.9738
0.851,0.9718
0.861,0.9718
0.873,0.9718
0.887,0.9718
0.900,0.9718
0.914,0.9718
0.928,0.9718
0.942,0.9718
0.956,0.9718
0.970,0.9718
0.984,0.9718
0.997,0.9718
1.012,0.9718
1.026,0.9718
1.039,0.9718
1.054,0.9718
1.067,0.9718
1.081,0.9718
1.095,0.9718
1.109,0.9718
1.123,0.9718
1.137,0.9643
1.153,0.9643
1.165,0.9643
1.178,0.9643
1.193,0.9643
1.206,0.9643
1.220,0.9643
1.234,0.9625
1.249,0.9468
1.268,0.9448
1.277,0.9416
1.292,0.9416
1.303,0.9416
1.317,0.9416
1.332,0.9416
1.345,0.9416
1.358,0.9416
1.373,0.9416
1.387,0.9416
1.400,0.9343
1.417,0.9343
1.429,0.9323
1.443,0.9323
1.456,0.9323
1.470,0.9323
1.484,0.9323
1.497,0.9323
1.512,0.9323
1.526,0.9323
1.539,0.9323
1.554,0.9313
1.568,0.9313
1.581,0.9291
1.596,0.9291
1.609,0.9291
1.622,0.9291
1.637,0.9291
1.651,0.9291
1.665,0.9291
1.678,0.9291
1.693,0.9291
1.707,0.9291
1.720,0.9291
1.734,0.9291
1.748,0.9291
1.762,0.9291
1.776,0.9291
1.790,0.9291
1.803,0.9291
1.818,0.9288
1.831,0.9283
1.846,0.9276
1.859,0.9273
1.873,0.9273
1.887,0.9273
1.900,0.9271
1.915,0.9271
1.928,0.9233
1.943,0.9233
1.956,0.9233
1.970,0.9233
1.984,0.9233
1.997,0.9233
2.012,0.9233
2.026,0.9233
2.039,0.9233
2.054,0.9233
2.067,0.9231
2.081,0.9231
2.095,0.9231
2.109,0.9223
2.123,0.9181
2.139,0.9181
2.151,0.9181
2.165,0.9181
2.178,0.9181
2.192,0.9181
2.206,0.9181
2.220,0.9181
2.234,0.9181
2.248,0.9176
2.262,0.9126
2.278,0.9126
2.290,0.9124
2.303,0.9124
2.317,0.9124
2.331,0.9124
2.345,0.9124
2.359,0.9124
2.373,0.9124
2.387,0.9116
2.400,0.9106
2.415,0.9096
2.429,0.9091
2.442,0.9091
2.456,0.9091
2.470,0.9091
2.484,0.9081
2.498,0.9059
2.513,0.9059
2.526,0.9059
2.539,0.9059
2.553,0.9059
2.567,0.9059
2.581,0.9059
2.595,0.9059
2.609,0.9059
2.622,0.9056
2.637,0.9056
2.651,0.9051
2.665,0.9036
2.679,0.8981
2.697,0.8981
2.706,0.8981
2.720,0.8981
2.734,0.8981
2.748,0.8981
2.761,0.8981
2.776,0.8981
2.789,0.8981
2.803,0.8966
2.818,0.8959
2.832,0.8959
2.845,0.8959
2.858,0.8959
2.873,0.8959
2.887,0.8959
2.900,0.8959
2.915,0.8954
2.928,0.8926
2.943,0.8926
2.956,0.8926
2.970,0.8921
2.984,0.8921
2.997,0.8921
3.012,0.8921
3.026,0.8901
3.040,0.8901
3.054,0.8891
3.068,0.8889
3.081,0.8866
3.096,0.8866
3.109,0.8864
3.122,0.8856
3.137,0.8846
3.151,0.8841
3.165,0.8829
3.178,0.8821
3.193,0.8809
3.207,0.8797
3.220,0.8787
3.234,0.8782
3.248,0.8772
3.261,0.8762
3.276,0.8757
3.290,0.8747
3.303,0.8742
3.318,0.8727
3.332,0.8717
3.346,0.8704
3.359,0.8694
3.374,0.8687
3.387,0.8679
3.400,0.8669
3.415,0.8662
3.429,0.8654
3.442,0.8647
3.457,0.8632
3.471,0.8619
3.485,0.8612
3.498,0.8602
3.512,0.8594
3.526,0.8589
3.539,0.8577
3.555,0.8569
3.568,0.8562
3.581,0.8554
3.596,0.8544
3.610,0.8537
3.623,0.8524
3.637,0.8512
3.651,0.8504
3.665,0.8499
3.679,0.8489
3.693,0.8479
3.707,0.8472
3.720,0.8464
3.735,0.8454
3.749,0.8444
3.762,0.8437
3.776,0.8429
3.790,0.8422
3.804,0.8412
3.818,0.8407
3.832,0.8397
3.846,0.8392
3.859,0.8385
3.873,0.8377
3.887,0.8370
3.901,0.8360
3.915,0.8342
3.929,0.8337
3.942,0.8330
3.957,0.8322
3.971,0.8315
3.985,0.8305
3.998,0.8300
4.012,0.8290
4.026,0.8280
4.040,0.8275
4.054,0.8262
4.068,0.8252
4.082,0.8242
4.096,0.8235
4.110,0.8225
4.123,0.8220
4.137,0.8210
4.151,0.8200
4.165,0.8192
4.179,0.8185
4.193,0.8175
4.207,0.8165
4.220,0.8152
4.234,0.8145
4.249,0.8140
4.262,0.8132
4.276,0.8122
4.290,0.8110
4.304,0.8102
4.318,0.8095
4.332,0.8085
4.346,0.8077
4.359,0.8070
4.373,0.8065
4.387,0.8055
4.400,0.8045
4.415,0.8040
4.429,0.8030
4.442,0.8022
4.456,0.8010
4.471,0.8000
4.484,0.7993
4.497,0.7978
4.512,0.7968
4.526,0.7960
4.539,0.7953
4.554,0.7953
4.567,0.7953
4.581,0.7953
4.595,0.7953
4.609,0.7953
4.622,0.7953
4.636,0.7865
4.654,0.7850
4.665,0.7848
4.678,0.7843
4.693,0.7835
4.706,0.7823
4.720,0.7813
4.734,0.7808
4.748,0.7798
4.762,0.7788
4.776,0.7780
4.789,0.7770
4.803,0.7763
4.818,0.7750
4.831,0.7740
4.853,0.7730
4.859,0.7723
4.873,0.7715
4.887,0.7710
4.900,0.7703
4.915,0.7698
4.928,0.7690
4.942,0.7683
4.956,0.7678
4.970,0.7668
4.984,0.7658
4.998,0.7653
5.012,0.7645
5.026,0.7635
5.039,0.7623
5.054,0.7613
5.067,0.7613
5.080,0.7610
5.095,0.7610
5.109,0.7610
5.122,0.7610
5.136,0.7610
5.150,0.7603
5.164,0.7593
5.179,0.7581
5.193,0.7576
5.206,0.7561
5.220,0.7553
5.234,0.7533
5.249,0.7521
5.261,0.7508
5.276,0.7508
5.289,0.7508
5.303,0.7508
5.317,0.7506
5.331,0.7488
5.346,0.7473
5.359,0.7456
5.374,0.7436
5.388,0.7413
5.401,0.7408
5.414,0.7398
5.429,0.7396
5.442,0.7386
5.456,0.7378
5.470,0.7366
5.484,0.7356
5.497,0.7343
5.513,0.7318
5.527,0.7288
5.540,0.7281
5.553,0.7281
5.567,0.7271
5.581,0.7271
5.595,0.7271
5.609,0.7271
5.622,0.7271
5.636,0.7258
5.651,0.7251
5.665,0.7236
5.679,0.7218
5.693,0.7211
5.706,0.7199
5.721,0.7194
5.734,0.7184
5.748,0.7179
5.761,0.7171
5.776,0.7166
5.790,0.7166
5.803,0.7166
5.817,0.7166
5.831,0.7164
5.845,0.7154
5.859,0.7141
5.873,0.7129
5.887,0.7124
5.900,0.7114
5.915,0.7114
5.928,0.7114
5.942,0.7114
5.956,0.7114
5.970,0.7114
5.984,0.7044
6.001,0.7044
6.012,0.7044
6.025,0.7044
6.039,0.7036
6.053,0.7021
6.070,0.7019
6.080,0.7014
6.095,0.7004
6.109,0.6994
6.123,0.6984
6.137,0.6976
6.151,0.6971
6.164,0.6956
6.179,0.6946
6.192,0.6946
6.206,0.6946
6.219,0.6946
6.234,0.6946
6.247,0.6941
6.261,0.6936
6.276,0.6929
6.290,0.6916
6.304,0.6906
6.317,0.6896
6.331,0.6889
6.345,0.6879
6.359,0.6871
6.373,0.6864
6.387,0.6856
6.400,0.6856
6.414,0.6856
6.428,0.6856
6.441,0.6854
6.456,0.6836
6.470,0.6831
6.484,0.6824
6.497,0.6814
6.513,0.6804
6.526,0.6792
6.539,0.6779
6.553,0.6772
6.567,0.6764
6.581,0.6759
6.595,0.6757
6.609,0.6757
6.622,0.6757
6.636,0.6757
6.650,0.6757
6.664,0.6744
6.678,0.6727
6.693,0.6724
6.706,0.6709
6.720,0.6699
6.734,0.6687
6.748,0.6679
6.761,0.6679
6.775,0.6679
6.789,0.6679
6.802,0.6679
6.817,0.6679
6.830,0.6679
6.845,0.6679
6.858,0.6679
6.872,0.6679
6.886,0.6634
6.901,0.6614
6.915,0.6614
6.928,0.6614
6.941,0.6609
6.956,0.6594
6.970,0.6582
6.984,0.6574
6.997,0.6574
7.011,0.6574
7.025,0.6574
7.038,0.6574
7.053,0.6574
7.067,0.6574
7.080,0.6574
7.094,0.6574
7.108,0.6574
7.122,0.6559
7.137,0.6539
7.152,0.6537
7.164,0.6529
7.178,0.6514
7.192,0.6504
7.206,0.6502
7.219,0.6487
7.234,0.6487
7.247,0.6487
7.261,0.6487
7.275,0.6487
7.289,0.6487
7.302,0.6487
7.317,0.6487
7.330,0.6487
7.344,0.6487
7.358,0.6487
7.372,0.6447
7.388,0.6447
7.400,0.6439
7.414,0.6429
7.429,0.6424
7.441,0.6412
7.456,0.6402
7.470,0.6397
7.484,0.6397
7.499,0.6397
7.511,0.6397
7.525,0.6397
7.538,0.6397
7.552,0.6397
7.566,0.6397
7.580,0.6397
7.594,0.6397
7.608,0.6342
7.625,0.6320
7.637,0.6320
7.650,0.6307
7.664,0.6307
7.677,0.6305
7.692,0.6297
7.706,0.6292
7.719,0.6292
7.733,0.6292
7.747,0.6292
7.761,0.6292
7.775,0.6292
7.789,0.6292
7.802,0.6292
7.816,0.6292
7.830,0.6292
7.844,0.6270
7.859,0.6257
7.873,0.6252
7.886,0.6252
7.899,0.6240
7.914,0.6240
7.928,0.6232
7.942,0.6232
7.955,0.6232
7.969,0.6232
7.983,0.6232
7.997,0.6232
8.011,0.6232
8.025,0.6232
8.038,0.6232
8.052,0.6232
8.066,0.6232
8.080,0.6232
8.095,0.6122
8.114,0.6107
8.122,0.6107
8.136,0.6107
8.150,0.6107
8.164,0.6107
8.177,0.6100
8.192,0.6097
8.205,0.6097
8.219,0.6097
8.233,0.6097
8.247,0.6097
8.260,0.6097
8.275,0.6097
8.289,0.6097
8.302,0.6097
8.317,0.6082
8.331,0.6052
8.351,0.6047
8.375,0.6045
8.386,0.6040
8.399,0.6035
8.414,0.6020
8.428,0.6010
8.441,0.6010
8.455,0.6010
8.469,0.6010
8.483,0.6010
8.497,0.6010
8.511,0.6010
8.525,0.6010
8.538,0.6010
8.553,0.6010
8.566,0.5980
8.582,0.5980
8.594,0.5975
8.608,0.5970
8.622,0.5958
8.637,0.5943
8.651,0.5925
8.664,0.5925
8.677,0.5925
8.691,0.5925
8.705,0.5925
8.719,0.5923
8.733,0.5885
8.749,0.5885
8.760,0.5885
8.775,0.5875
8.789,0.5868
8.802,0.5853
8.818,0.5835
8.831,0.5830
8.844,0.5830
8.857,0.5830
8.872,0.5830
8.886,0.5830
8.899,0.5830
8.914,0.5810
8.928,0.5775
8.943,0.5768
8.956,0.5763
8.970,0.5755
8.983,0.5750
8.997,0.5750
9.011,0.5750
9.025,0.5750
9.038,0.5730
9.054,0.5723
9.067,0.5715
9.080,0.5703
9.095,0.5693
9.109,0.5683
9.122,0.5675
9.136,0.5665
9.150,0.5655
9.164,0.5653
9.177,0.5653
9.191,0.5653
9.205,0.5653
9.219,0.5638
9.234,0.5613
9.248,0.5613
9.260,0.5603
9.277,0.5591
9.291,0.5583
9.303,0.5578
9.317,0.5578
9.330,0.5578
9.344,0.5558
9.358,0.5541
9.372,0.5538
9.386,0.5528
9.399,0.5513
9.414,0.5503
9.428,0.5488
9.443,0.5486
9.455,0.5481
9.469,0.5478
9.483,0.5478
9.497,0.5478
9.511,0.5478
9.525,0.5461
9.539,0.5458
9.552,0.5453
9.567,0.5441
9.581,0.5436
9.595,0.5431
9.608,0.5426
9.622,0.5426
9.636,0.5426
9.650,0.5408
9.664,0.5398
9.678,0.5393
9.691,0.5378
9.706,0.5368
9.719,0.5366
9.733,0.5353
9.747,0.5343
9.761,0.5336
9.775,0.5333
9.789,0.5333
9.802,0.5333
9.816,0.5333
9.830,0.5316
9.845,0.5293
9.858,0.5278
9.873,0.5273
9.886,0.5266
9.900,0.5263
9.914,0.5261
9.928,0.5261
9.955,0.5246
9.970,0.5241
9.983,0.5228
9.997,0.5213
10.012,0.5211
10.025,0.5208
10.038,0.5199
10.053,0.5194
10.067,0.5186
10.081,0.5184
10.094,0.5184
10.108,0.5184
10.121,0.5184
10.136,0.5179
10.150,0.5161
10.164,0.5154
10.177,0.5151
10.192,0.5144
10.206,0.5136
10.219,0.5121
10.234,0.5121
10.247,0.5121
10.260,0.5111
10.275,0.5104
10.289,0.5089
10.303,0.5086
10.316,0.5071
10.331,0.5039
10.345,0.5036
10.358,0.5026
10.373,0.5024
10.386,0.5019
10.400,0.5019
10.414,0.5019
10.427,0.5009
10.442,0.4984
10.456,0.4984
10.469,0.4976
10.483,0.4971
10.497,0.4969
10.511,0.4969
10.524,0.4969
10.538,0.4969
10.553,0.4969
10.566,0.4961
10.581,0.4956
10.595,0.4939
10.610,0.4921
10.623,0.4919
10.635,0.4909
10.650,0.4899
10.663,0.4889
10.678,0.4881
10.692,0.4876
10.705,0.4876
10.719,0.4876
10.733,0.4871
10.747,0.4836
10.761,0.4836
10.774,0.4826
10.789,0.4824
10.802,0.4816
10.818,0.4811
10.830,0.4811
10.844,0.4811
10.857,0.4811
10.871,0.4774
10.887,0.4772
10.899,0.4772
10.914,0.4772
10.927,0.4772
10.941,0.4772
10.955,0.4772
10.969,0.4772
10.983,0.4737
10.999,0.4717
11.012,0.4714
11.025,0.4707
11.039,0.4694
11.053,0.4687
11.067,0.4687
11.080,0.4687
11.094,0.4687
11.108,0.4684
11.122,0.4662
11.137,0.4652
11.150,0.4629
11.166,0.4627
11.178,0.4627
11.192,0.4612
11.206,0.4612
11.219,0.4612
11.233,0.4612
11.247,0.4612
11.260,0.4612
11.275,0.4574
11.291,0.4552
11.304,0.4552
11.317,0.4552
11.330,0.4552
11.344,0.4552
11.358,0.4552
11.372,0.4552
11.386,0.4534
11.400,0.4527
11.414,0.4517
11.428,0.4487
11.445,0.4474
11.470,0.4474
11.483,0.4474
11.497,0.4474
11.511,0.4474
11.525,0.4464
11.539,0.4464
11.552,0.4464
11.566,0.4342
11.588,0.4262
11.617,0.4262
11.635,0.4262
11.649,0.4262
11.662,0.4262
11.677,0.4255
11.691,0.4245
11.705,0.4237
11.719,0.4222
11.733,0.4212
11.747,0.4205
11.761,0.4202
11.774,0.4202
11.788,0.4202
11.801,0.4202
11.816,0.4195
11.830,0.4192
11.844,0.4182
11.858,0.4167
11.872,0.4160
11.885,0.4152
11.899,0.4152
11.913,0.4152
11.927,0.4152
11.940,0.4152
11.955,0.4152
11.968,0.4152
11.982,0.4152
11.996,0.4152
12.010,0.4152
12.024,0.4152
12.037,0.4152
12.052,0.4152
12.066,0.4152
12.079,0.4152
12.094,0.4152
12.107,0.4097
12.123,0.4097
12.150,0.4097
12.163,0.4080
12.178,0.4027
12.193,0.4027
12.205,0.4027
12.218,0.4027
12.232,0.4020
12.246,0.4010
12.260,0.3998
12.276,0.3988
12.289,0.3975
12.302,0.3965
12.317,0.3955
12.330,0.3948
12.343,0.3948
12.357,0.3948
12.371,0.3948
12.385,0.3943
12.399,0.3930
12.413,0.3915
12.428,0.3903
12.441,0.3893
12.455,0.3883
12.469,0.3878
12.482,0.3878
12.496,0.3878
12.510,0.3878
12.524,0.3870
12.538,0.3855
12.553,0.3835
12.567,0.3835
12.579,0.3830
12.594,0.3805
12.608,0.3805
12.621,0.3805
12.635,0.3805
12.649,0.3798
12.663,0.3795
12.681,0.3773
12.694,0.3760
12.705,0.3740
12.719,0.3738
12.732,0.3728
12.747,0.3718
12.761,0.3718
12.774,0.3718
12.788,0.3718
12.801,0.3718
12.816,0.3703
12.830,0.3700
12.843,0.3665
12.859,0.3660
12.871,0.3660
12.885,0.3655
12.899,0.3655
12.913,0.3655
12.927,0.3655
12.940,0.3645
12.956,0.3635
12.971,0.3613
12.983,0.3600
12.997,0.3588
13.011,0.3578
13.025,0.3571
13.038,0.3566
13.052,0.3563
13.066,0.3563
13.079,0.3563
13.094,0.3563
13.107,0.3536
13.122,0.3531
13.136,0.3526
13.149,0.3526
13.162,0.3518
13.177,0.3516
13.191,0.3516
13.204,0.3516
13.218,0.3516
13.233,0.3503
13.247,0.3461
13.262,0.3423
13.276,0.3416
13.302,0.3413
13.315,0.3408
13.330,0.3408
13.343,0.3408
13.357,0.3408
13.371,0.3401
13.385,0.3393
13.399,0.3383
13.414,0.3371
13.428,0.3358
13.441,0.3346
13.455,0.3346
13.468,0.3346
13.483,0.3346
13.496,0.3346
13.510,0.3346
13.523,0.3346
13.537,0.3266
13.555,0.3231
13.582,0.3231
13.607,0.3231
13.620,0.3231
13.635,0.3231
13.649,0.3223
13.662,0.3213
13.677,0.3203
13.691,0.3196
13.705,0.3184
13.718,0.3176
13.732,0.3176
13.746,0.3176
13.760,0.3176
13.774,0.3169
13.788,0.3151
13.802,0.3139
13.816,0.3129
13.830,0.3119
13.843,0.3106
13.858,0.3096
13.872,0.3091
13.886,0.3091
13.899,0.3091
13.913,0.3091
13.927,0.3089
13.942,0.3076
13.955,0.3066
13.968,0.3051
13.982,0.3046
13.996,0.3034
14.010,0.3019
14.024,0.3019
14.037,0.3016
14.051,0.3004
14.066,0.3001
14.079,0.2991
14.094,0.2984
14.107,0.2971
14.121,0.2966
14.135,0.2956
14.149,0.2944
14.163,0.2936
14.178,0.2926
14.194,0.2916
14.205,0.2906
14.218,0.2894
14.233,0.2884
14.246,0.2876
14.260,0.2864
14.275,0.2856
14.288,0.2846
14.302,0.2839
14.316,0.2831
14.330,0.2821
14.344,0.2816
14.357,0.2809
14.372,0.2801
14.385,0.2792
14.399,0.2784
14.414,0.2774
14.428,0.2759
14.441,0.2754
14.454,0.2744
14.469,0.2739
14.482,0.2734
14.496,0.2727
14.510,0.2714
14.524,0.2707
14.538,0.2702
14.552,0.2687
14.566,0.2677
14.580,0.2669
14.593,0.2657
14.608,0.2649
14.621,0.2642
14.635,0.2632
14.650,0.2622
14.663,0.2617
14.677,0.2607
14.691,0.2599
14.705,0.2592
14.718,0.2584
14.733,0.2574
14.747,0.2564
14.760,0.2552
14.774,0.2549
14.788,0.2544
14.801,0.2544
14.816,0.2544
14.829,0.2544
14.843,0.2544
14.857,0.2544
14.871,0.2544
14.885,0.2469
14.902,0.2449
14.928,0.2442
14.940,0.2429
14.955,0.2422
14.969,0.2414
14.982,0.2407
14.996,0.2400
15.010,0.2392
15.024,0.2382
15.038,0.2372
15.053,0.2365
15.066,0.2362
15.080,0.2352
15.094,0.2337
15.109,0.2337
15.124,0.2332
15.137,0.2332
15.149,0.2332
15.162,0.2332
15.177,0.2330
15.190,0.2320
15.205,0.2305
15.219,0.2290
15.233,0.2280
15.246,0.2270
15.260,0.2260
15.274,0.2252
15.288,0.2245
15.302,0.2240
15.315,0.2240
15.329,0.2240
15.343,0.2240
15.357,0.2235
15.371,0.2235
15.385,0.2230
15.398,0.2220
15.413,0.2210
15.427,0.2205
15.441,0.2190
15.455,0.2182
15.468,0.2175
15.482,0.2165
15.497,0.2152
15.511,0.2142
15.524,0.2137
15.538,0.2132
15.552,0.2120
15.566,0.2112
15.579,0.2102
15.594,0.2092
15.608,0.2087
15.621,0.2087
15.635,0.2087
15.649,0.2087
15.662,0.2082
15.677,0.2070
15.691,0.2057
15.705,0.2052
15.718,0.2042
15.733,0.2022
15.748,0.2020
15.760,0.2010
15.774,0.2002
15.788,0.1998
15.801,0.1993
15.816,0.1990
15.830,0.1990
15.843,0.1990
15.857,0.1990
15.871,0.1978
15.886,0.1965
15.899,0.1960
15.913,0.1948
15.927,0.1925
15.942,0.1910
15.969,0.1898
15.982,0.1888
15.996,0.1880
16.010,0.1873
16.024,0.1873
16.037,0.1873
16.051,0.1873
16.065,0.1873
16.079,0.1865
16.094,0.1845
16.108,0.1845
16.120,0.1840
16.135,0.1825
16.150,0.1815
16.163,0.1808
16.177,0.1805
16.190,0.1795
16.206,0.1785
16.221,0.1778
16.232,0.1778
16.246,0.1778
16.259,0.1778
16.273,0.1775
16.288,0.1740
16.303,0.1733
16.330,0.1728
16.343,0.1720
16.357,0.1713
16.371,0.1703
16.385,0.1698
16.398,0.1688
16.413,0.1683
16.427,0.1675
16.440,0.1675
16.454,0.1675
16.468,0.1675
16.481,0.1655
16.497,0.1648
16.510,0.1643
16.524,0.1640
16.537,0.1628
16.552,0.1620
16.566,0.1620
16.579,0.1620
16.593,0.1620
16.607,0.1543
16.626,0.1516
16.650,0.1516
16.676,0.1516
16.690,0.1503
16.705,0.1503
16.717,0.1496
16.732,0.1483
16.746,0.1476
16.759,0.1463
16.774,0.1456
16.788,0.1451
16.801,0.1451
16.815,0.1451
16.829,0.1451
16.842,0.1451
16.857,0.1451
16.871,0.1451
16.884,0.1451
16.898,0.1451
16.912,0.1451
16.926,0.1426
16.941,0.1426
16.954,0.1421
16.968,0.1393
16.983,0.1381
17.011,0.1368
17.024,0.1361
17.038,0.1361
17.051,0.1361
17.065,0.1361
17.079,0.1361
17.093,0.1361
17.107,0.1361
17.120,0.1361
17.134,0.1361
17.149,0.1361
17.162,0.1356
17.177,0.1331
17.192,0.1321
17.219,0.1311
17.233,0.1311
17.246,0.1291
17.260,0.1283
17.274,0.1278
17.288,0.1278
17.301,0.1278
17.315,0.1278
17.329,0.1278
17.343,0.1278
17.357,0.1278
17.371,0.1278
17.384,0.1278
17.398,0.1278
17.413,0.1243
17.428,0.1203
17.457,0.1203
17.482,0.1201
17.496,0.1194
17.510,0.1189
17.523,0.1189
17.537,0.1189
17.551,0.1189
17.565,0.1189
17.578,0.1189
17.593,0.1189
17.607,0.1189
17.620,0.1189
17.634,0.1189
17.648,0.1171
17.663,0.1129
17.679,0.1109
17.705,0.1101
17.718,0.1084
17.732,0.1076
17.747,0.1064
17.760,0.1061
17.774,0.1061
17.787,0.1061
17.800,0.1061
17.815,0.1061
17.829,0.1061
17.842,0.1061
17.857,0.1061
17.871,0.1061
17.884,0.1061
17.891,0.1061
17.898,0.1031
17.911,0.1026
17.923,0.1021
17.937,0.1021
17.951,0.1021
17.965,0.1014
17.979,0.1011
17.993,0.1011
18.006,0.1011
18.020,0.1011
18.034,0.1011
18.048,0.1011
18.061,0.1011
18.076,0.1011
18.090,0.1011
18.104,0.1011
18.117,0.1011
18.131,0.1011
18.145,0.0934
18.163,0.0919
18.176,0.0919
18.187,0.0909
18.201,0.0899
18.215,0.0886
18.229,0.0881
18.243,0.0879
18.256,0.0879
18.270,0.0879
18.284,0.0879
18.297,0.0879
18.312,0.0879
18.326,0.0879
18.339,0.0879
18.353,0.0879
18.367,0.0879
18.381,0.0831
18.399,0.0826
18.409,0.0826
18.423,0.0826
18.437,0.0819
18.451,0.0809
18.466,0.0794
18.480,0.0789
18.493,0.0789
18.506,0.0789
18.520,0.0789
18.534,0.0789
18.548,0.0789
18.561,0.0789
18.576,0.0789
18.590,0.0789
18.604,0.0789
18.617,0.0789
18.631,0.0772
18.647,0.0764
18.659,0.0752
18.674,0.0742
18.688,0.0724
18.703,0.0714
18.718,0.0704
18.730,0.0697
18.743,0.0697
18.757,0.0697
18.770,0.0679
18.785,0.0679
18.798,0.0674
18.813,0.0664
18.827,0.0659
18.840,0.0649
18.855,0.0642
18.868,0.0619
18.883,0.0619
18.907,0.0619
18.920,0.0619
18.934,0.0619
18.948,0.0617
18.962,0.0592
18.978,0.0584
18.990,0.0579
19.003,0.0574
19.017,0.0559
19.033,0.0554
19.045,0.0554
19.058,0.0554
19.073,0.0537
19.089,0.0534
19.100,0.0532
19.114,0.0519
19.129,0.0512
19.142,0.0502
19.157,0.0487
19.172,0.0477
19.185,0.0469
19.198,0.0467
19.212,0.0467
19.225,0.0467
19.239,0.0467
19.253,0.0464
19.267,0.0454
19.281,0.0442
19.296,0.0434
19.310,0.0427
19.323,0.0419
19.337,0.0409
19.351,0.0409
19.365,0.0409
19.378,0.0404
19.393,0.0397
19.407,0.0392
19.420,0.0382
19.435,0.0370
19.449,0.0365
19.462,0.0357
19.476,0.0345
19.491,0.0337
19.505,0.0332
19.517,0.0332
19.531,0.0332
19.545,0.0332
19.559,0.0327
19.573,0.0312
19.588,0.0302
19.601,0.0295
19.616,0.0287
19.629,0.0280
19.643,0.0272
19.657,0.0272
19.670,0.0272
19.684,0.0267
19.698,0.0247
19.713,0.0232
19.727,0.0225
19.740,0.0207
19.755,0.0197
19.768,0.0190
19.781,0.0177
19.797,0.0172
19.810,0.0172
19.823,0.0172
19.837,0.0172
19.851,0.0172
19.866,0.0170
19.879,0.0157
19.894,0.0145
19.908,0.0140
19.920,0.0125
19.936,0.0115
19.950,0.0110
19.967,0.0110
19.976,0.0110
19.990,0.0102
20.004,0.0095
20.017,0.0090
20.032,0.0075
20.047,0.0067
20.060,0.0067
20.073,0.0057
20.088,0.0045
20.102,0.0030
20.116,0.0030
20.129,0.0030
20.142,0.0030
20.157,0.0030
20.171,0.0025
20.185,0.0007
20.200,0.0007
20.213,0.0000
20.229,0.0000
20.241,0.0000
20.254,0.0000
20.268,0.0000
20.281,0.0000
20.296,0.0000
20.310,0.0000
20.323,0.0000
20.337,0.0000
20.351,0.0000
20.365,0.0000
20.379,0.0000
20.393,0.0000
20.407,0.0000
20.420,0.0000
20.435,0.0000
20.449,0.0000
20.462,0.0000
20.477,0.0000
20.490,0.0000
20.505,0.0000
20.518,0.0000
20.532,0.0000
20.546,0.0000
20.559,0.0000
20.574,0.0000
20.588,0.0000
20.601,0.0000
20.616,0.0000
20.629,0.0000
20.643,0.0000
20.657,0.0000
20.671,0.0000
20.685,0.0000
20.698,0.0000
20.713,0.0000
20.727,0.0000
20.740,0.0000
20.755,0.0000
20.769,0.0000
20.782,0.0000
20.796,0.0000
20.810,0.0000
20.824,0.0000
20.838,0.0000
20.852,0.0000
20.866,0.0000
20.879,0.0000
20.894,0.0000
20.908,0.0000
20.921,0.0000
20.935,0.0000
20.949,0.0000
20.963,0.0000
20.977,0.0000
20.991,0.0000
21.005,0.0000
21.018,0.0000
21.033,0.0000
21.047,0.0000
21.060,0.0000
21.075,0.0000
21.089,0.0000
21.102,0.0000
21.116,0.0000
21.130,0.0000
21.144,0.0000
21.158,0.0000
21.172,0.0000
21.186,0.0000
21.199,0.0000
21.214,0.0000
21.228,0.0000
21.241,0.0000
21.256,0.0000
21.269,0.0000
21.283,0.0000
21.297,0.0000
21.311,0.0000
21.325,0.0000
21.338,0.0000
21.353,0.0000
21.367,0.0000
21.380,0.0000
21.394,0.0000
21.408,0.0000
21.422,0.0000
21.436,0.0000
21.450,0.0000
21.464,0.0000
21.478,0.0000
21.492,0.0000
21.506,0.0000
21.519,0.0000
21.534,0.0000
21.548,0.0000
21.561,0.0000
21.575,0.0000
21.589,0.0000
21.603,0.0000
21.617,0.0000
21.631,0.0000
21.645,0.0000
21.658,0.0000
21.673,0.0000
21.687,0.0000
21.700,0.0000
21.714,0.0000
21.728,0.0000
21.741,0.0000
21.756,0.0000
21.770,0.0000
21.784,0.0000
21.797,0.0000
21.812,0.0000
21.826,0.0000
21.839,0.0000
21.853,0.0000
21.868,0.0000
21.881,0.0000
21.895,0.0000
21.909,0.0000
21.922,0.0000
21.937,0.0000
21.950,0.0000
21.964,0.0000
21.978,0.0000
21.992,0.0000
22.006,0.0000
22.019,0.0000
22.034,0.0000
22.048,0.0000
22.061,0.0000
22.076,0.0000
22.090,0.0000
22.103,0.0000
22.117,0.0000
22.131,0.0000
22.145,0.0000
22.159,0.0000
22.173,0.0000
22.187,0.0000
22.201,0.0000
22.215,0.0000
22.229,0.0000
22.242,0.0000
22.257,0.0000
22.270,0.0000
22.284,0.0000
22.298,0.0000
22.312,0.0000
22.326,0.0000
22.340,0.0000
22.354,0.0000
22.368,0.0000
22.381,0.0000
22.395,0.0000
22.410,0.0000
22.423,0.0000
22.437,0.0000
22.451,0.0000
22.465,0.0000
22.479,0.0000
22.493,0.0000
22.507,0.0000
22.520,0.0000
22.535,0.0000
22.548,0.0000
22.562,0.0000
22.576,0.0000
22.590,0.0000
22.604,0.0000
22.617,0.0000
22.632,0.0000
22.646,0.0000
22.659,0.0000
22.674,0.0000
22.687,0.0000
22.701,0.0000
22.716,0.0000
22.729,0.0000
22.743,0.0000
22.757,0.0000
22.771,0.0000
22.785,0.0000
22.798,0.0000
22.812,0.0000
22.826,0.0000
22.840,0.0000
22.854,0.0000
22.868,0.0000
22.882,0.0000
22.896,0.0000
22.910,0.0000
22.924,0.0000
22.937,0.0000
22.952,0.0000
22.966,0.0000
22.979,0.0000
22.993,0.0000
23.007,0.0000
23.021,0.0000
23.036,0.0000
23.050,0.0000
23.062,0.0000
23.077,0.0000
23.091,0.0000
23.105,0.0000
23.118,0.0000
23.132,0.0000
23.146,0.0000
23.160,0.0000
23.174,0.0000
23.188,0.0000
23.201,0.0000
23.216,0.0000
23.230,0.0000
23.245,0.0000
23.257,0.0000
23.272,0.0000
23.286,0.0000
23.299,0.0000
23.313,0.0000
23.327,0.0000
23.340,0.0000
23.355,0.0000
23.369,0.0000
23.382,0.0000
23.397,0.0000
23.411,0.0000
23.424,0.0000
23.438,0.0000
23.453,0.0000
23.466,0.0000
23.480,0.0000
23.494,0.0000
23.508,0.0000
23.521,0.0000
23.536,0.0000
23.550,0.0000
23.563,0.0000
23.577,0.0000
23.592,0.0000
23.605,0.0000
23.618,0.0000
23.633,0.0000
23.647,0.0000
23.660,0.0000
23.674,0.0000
23.688,0.0000
23.702,0.0000
23.717,0.0000
23.730,0.0000
23.744,0.0000
23.757,0.0000
23.772,0.0000
23.786,0.0000
23.799,0.0000
23.813,0.0000
23.827,0.0000
23.841,0.0000
23.855,0.0000
23.869,0.0000
23.883,0.0000
23.897,0.0000
23.911,0.0000
23.925,0.0000
23.938,0.0000
23.952,0.0000
23.966,0.0000
23.980,0.0000
23.994,0.0000
24.008,0.0998
24.021,0.0998
24.036,0.0998
24.050,0.0998
24.064,0.0998
24.077,0.0998
24.091,0.0998
24.105,0.0998
24.119,0.0998
24.133,0.0998
24.147,0.0998
24.160,0.0998
24.175,0.0998
24.189,0.0998
24.202,0.0998
24.216,0.0998
24.230,0.0998
24.244,0.0998
24.258,0.0998
24.272,0.0998
24.286,0.0998
24.299,0.0998
24.314,0.0998
24.327,0.0998
24.341,0.0998
24.355,0.0998
24.369,0.0998
24.383,0.0998
24.397,0.0998
24.411,0.0998
24.425,0.0998
24.438,0.0998
24.453,0.0998
24.466,0.0998
24.480,0.0998
24.494,0.0998
24.508,0.0998
24.522,0.0998
24.536,0.0998
24.550,0.0998
24.564,0.0998
24.578,0.0998
24.592,0.0998
24.606,0.0998
24.619,0.0998
24.634,0.0998
24.647,0.0998
24.661,0.0998
24.675,0.0998
24.689,0.1680
24.702,0.1680
24.717,0.1680
24.731,0.1680
24.745,0.1680
24.758,0.1680
24.773,0.1680
24.786,0.1680
24.799,0.1680
24.814,0.1680
24.828,0.1680
24.841,0.1680
24.855,0.1680
24.869,0.1680
24.884,0.1680
24.897,0.1680
24.911,0.1680
24.925,0.1680
24.938,0.1680
24.953,0.1680
24.967,0.1680
24.980,0.1680
24.994,0.1680
25.008,0.1680
25.022,0.1680
25.036,0.1680
25.050,0.1680
25.064,0.1680
25.077,0.1680
25.092,0.1680
25.105,0.1680
25.119,0.1680
25.133,0.1680
25.147,0.1680
25.161,0.1680
25.175,0.1680
25.189,0.1680
25.203,0.1680
25.217,0.1680
25.231,0.1680
25.245,0.1680
25.258,0.1680
25.273,0.1680
25.286,0.1680
25.300,0.1680
25.314,0.1680
25.328,0.1680
25.342,0.2151
25.356,0.2151
25.370,0.2151
25.384,0.2151
25.397,0.2151
25.411,0.2151
25.425,0.2151
25.439,0.2151
25.453,0.2151
25.467,0.2151
25.481,0.2151
25.494,0.2151
25.508,0.2151
25.521,0.2151
25.536,0.2151
25.550,0.2151
25.563,0.2151
25.578,0.2151
25.592,0.2151
25.605,0.2077
25.619,0.2077
25.633,0.2077
25.647,0.2077
25.660,0.2077
25.674,0.2077
25.689,0.2077
25.702,0.2077
25.716,0.2077
25.730,0.2077
25.744,0.2077
25.757,0.2077
25.772,0.2077
25.786,0.2077
25.799,0.2077
25.813,0.2077
25.827,0.2077
25.841,0.2077
25.855,0.2077
25.869,0.2077
25.883,0.2077
25.897,0.2077
25.911,0.2077
25.925,0.2077
25.938,0.2077
25.953,0.2077
25.967,0.2077
25.980,0.2077
25.994,0.2077
26.009,0.2077
26.022,0.2077
26.036,0.2077
26.050,0.2077
26.064,0.2077
26.077,0.2077
26.092,0.2077
26.106,0.2077
26.119,0.2077
26.134,0.2077
26.148,0.2077
26.161,0.2077
26.175,0.2077
26.189,0.2077
26.202,0.2077
26.217,0.2077
26.231,0.2077
26.245,0.2077
26.258,0.2077
26.272,0.2077
26.286,0.2077
26.300,0.2077
26.314,0.2077
26.328,0.2077
26.341,0.2077
26.356,0.2077
26.370,0.2077
26.383,0.2077
26.397,0.2077
26.411,0.2077
26.425,0.2077
26.439,0.2077
26.453,0.2077
26.467,0.2077
26.480,0.2077
26.495,0.2077
26.508,0.2077
26.522,0.2077
26.536,0.2077
26.550,0.2077
26.564,0.2077
26.578,0.2077
26.592,0.2077
26.606,0.2077
26.619,0.2077
26.633,0.2077
26.647,0.2077
26.661,0.2077
26.675,0.2077
26.689,0.2077
26.702,0.2077
26.717,0.2077
26.731,0.2077
26.745,0.2077
26.758,0.2077
26.773,0.2077
26.787,0.2077
26.800,0.2077
26.814,0.2077
26.828,0.2077
26.841,0.2077
26.856,0.2077
26.870,0.2077
26.884,0.2077
26.897,0.2077
26.911,0.2077
26.925,0.2077
26.939,0.2077
26.953,0.2077
26.967,0.2077
26.980,0.2077
26.995,0.2077
27.009,0.2077
27.022,0.2077
27.036,0.2077
27.050,0.2077
27.064,0.2077
27.078,0.2077
27.092,0.2077
27.106,0.2063
27.120,0.2000
27.136,0.1926
27.154,0.1794
27.181,0.1664
27.207,0.1590
27.218,0.1569
27.231,0.1569
27.245,0.1569
27.258,0.1569
27.272,0.1569
27.286,0.1569
27.299,0.1569
27.314,0.1569
27.328,0.1569
27.341,0.1569
27.356,0.1522
27.371,0.1450
27.390,0.1445
27.397,0.1445
27.411,0.1445
27.425,0.1445
27.439,0.1250
27.460,0.1059
27.487,0.1059
27.495,0.1059
27.508,0.1059
27.522,0.1059
27.536,0.1059
27.550,0.1059
27.564,0.1059
27.578,0.1059
27.592,0.1052
27.606,0.0975
27.622,0.0935
27.650,0.0935
27.661,0.0740
27.681,0.0563
27.712,0.0563
27.731,0.0563
27.744,0.0563
27.757,0.0563
27.772,0.0563
27.786,0.0563
27.800,0.0563
27.814,0.0563
27.828,0.0542
27.842,0.0465
27.860,0.0328
27.891,0.0203
27.918,0.0071
27.950,0.0050
27.972,0.0050
27.994,0.0050
28.008,0.0050
28.021,0.0050
28.036,0.0050
28.050,0.0050
28.064,0.0050
28.077,0.0005
28.093,0.0000
28.106,0.0000
28.119,0.0000
28.133,0.0000
28.147,0.0000
28.161,0.0000
28.175,0.0000
28.181,0.0000
28.189,0.0000
28.199,0.0000
28.214,0.0000
28.228,0.0000
28.241,0.0000
28.256,0.0000
28.270,0.0000
28.283,0.0000
28.297,0.0000
28.311,0.0000
28.325,0.0000
28.338,0.0000
28.353,0.0000
28.367,0.0000
28.381,0.0000
28.394,0.0000
28.409,0.0000
28.422,0.0000
28.436,0.0000
28.450,0.0000
28.464,0.0000
28.478,0.0000
28.492,0.0000
28.506,0.0000
28.520,0.0000
28.534,0.0000
28.548,0.0000
28.561,0.0000
28.575,0.0000
28.589,0.0000
28.602,0.0000
28.617,0.0000
28.631,0.0000
28.645,0.0000
28.658,0.0000
28.672,0.0000
28.686,0.0000
28.700,0.0000
28.714,0.0000
28.728,0.0000
28.742,0.0000
28.756,0.0000
28.770,0.0000
28.783,0.0000
28.797,0.0000
28.811,0.0000
28.825,0.0000
28.839,0.0000
28.853,0.0000
28.867,0.0085
28.881,0.0085
28.895,0.0085
28.908,0.0085
28.922,0.0085
28.936,0.0085
28.950,0.0085
28.964,0.0085
28.977,0.0085
28.992,0.0085
29.005,0.0085
29.019,0.0085
29.034,0.0085
29.047,0.0085
29.061,0.0085
29.075,0.0085
29.089,0.0085
29.102,0.0085
29.117,0.0085
29.131,0.0085
29.145,0.0085
29.158,0.0085
29.172,0.0085
29.197,0.0085
29.211,0.0085
29.225,0.0085
29.238,0.0085
29.252,0.0085
29.266,0.0085
29.280,0.0085
29.294,0.0085
29.308,0.0085
29.321,0.0085
29.336,0.0085
29.350,0.0085
29.363,0.0085
29.377,0.0085
29.391,0.0085
29.405,0.0085
29.419,0.0085
29.433,0.0085
29.447,0.0085
29.461,0.0085
29.475,0.0085
29.489,0.0085
29.502,0.0085
29.516,0.0085
29.530,0.0085
29.544,0.0085
29.558,0.0085
29.572,0.0085
29.586,0.0085
29.599,0.0085
29.614,0.0085
29.627,0.0085
29.641,0.0085
29.655,0.0085
29.670,0.0085
29.683,0.0169
29.697,0.0169
29.711,0.0169
29.725,0.0169
29.738,0.0169
29.753,0.0169
29.767,0.0169
29.780,0.0169
29.795,0.0169
29.808,0.0169
29.822,0.0169
29.836,0.0169
29.850,0.0169
29.864,0.0169
29.878,0.0169
29.892,0.0169
29.906,0.0169
29.919,0.0169
29.934,0.0169
29.948,0.0169
29.961,0.0169
29.975,0.0169
29.989,0.0169
30.002,0.0169
30.017,0.0169
30.031,0.0169
30.045,0.0135
30.060,0.0057
30.078,0.0000
30.105,0.0000
30.129,0.0000
30.141,0.0000
30.156,0.0000
30.170,0.0000
30.184,0.0000
30.197,0.0000
30.212,0.0000
30.226,0.0000
30.240,0.0000
30.254,0.0000
30.268,0.0000
30.281,0.0000
30.296,0.0000
30.309,0.0000
30.323,0.0000
30.337,0.0000
30.351,0.0000
30.365,0.0000
30.379,0.0000
30.393,0.0000
30.407,0.0143
30.420,0.0143
30.435,0.0143
30.449,0.0143
30.462,0.0143
30.476,0.0143
30.490,0.0143
30.504,0.0143
30.517,0.0143
30.532,0.0143
30.546,0.0143
30.559,0.0143
30.573,0.0143
30.587,0.0143
30.601,0.0143
30.616,0.0143
30.629,0.0143
30.643,0.0143
30.657,0.0143
30.671,0.0143
30.685,0.0143
30.698,0.0143
30.712,0.0143
30.726,0.0143
30.739,0.0143
30.754,0.0143
30.768,0.0143
30.781,0.0143
30.796,0.0143
30.810,0.0143
30.823,0.0143
30.837,0.0143
30.852,0.0143
30.865,0.0143
30.879,0.0143
30.893,0.0143
30.907,0.0143
30.920,0.0143
30.935,0.0143
30.949,0.0143
30.962,0.0143
30.977,0.0143
30.990,0.0143
31.005,0.0143
31.018,0.0143
31.032,0.0143
31.047,0.0143
31.059,0.0143
31.074,0.0143
31.088,0.0143
31.101,0.0143
31.116,0.0143
31.130,0.0143
31.144,0.0143
31.157,0.0143
31.172,0.0143
31.185,0.0143
31.199,0.0143
31.213,0.0143
31.227,0.0143
31.241,0.0143
31.255,0.0143
31.269,0.0143
31.282,0.0143
31.297,0.0143
31.311,0.0143
31.324,0.0143
31.338,0.0143
31.352,0.0143
31.366,0.0143
31.379,0.0143
31.394,0.0143
31.408,0.0143
31.421,0.0143
31.436,0.0143
31.450,0.0143
31.464,0.0143
31.477,0.0143
31.491,0.0143
31.505,0.0143
31.518,0.0143
31.533,0.0143
31.547,0.0143
31.560,0.0143
31.574,0.0143
31.588,0.0143
31.602,0.0143
31.616,0.0143
31.630,0.0143
31.644,0.0143
31.657,0.0143
31.672,0.0143
31.686,0.0143
31.699,0.0143
31.714,0.0143
31.727,0.0143
31.741,0.0143
31.755,0.0143
31.769,0.0143
31.783,0.0143
31.797,0.0143
31.811,0.0143
31.825,0.0143
31.838,0.0143
31.853,0.0143
31.866,0.0143
31.881,0.0143
31.894,0.0143
31.908,0.0143
31.922,0.0143
31.936,0.0143
31.950,0.0143
31.964,0.0143
31.977,0.0143
31.992,0.0143
32.006,0.0143
32.019,0.0143
32.033,0.0143
32.047,0.0143
32.061,0.0143
32.075,0.0143
32.089,0.0143
32.102,0.0143
32.117,0.0143
32.131,0.0143
32.145,0.0143
32.158,0.0143
32.172,0.0143
32.186,0.0143
32.200,0.0143
32.214,0.0143
32.228,0.0143
32.241,0.0143
32.256,0.0143
32.270,0.0143
32.284,0.0143
32.297,0.0143
32.312,0.0143
32.325,0.0143
32.339,0.0143
32.353,0.0143
32.367,0.0143
32.381,0.0143
32.395,0.0143
32.409,0.0143
32.422,0.0143
32.437,0.0143
32.451,0.0143
32.465,0.0143
32.479,0.0143
32.493,0.0143
32.507,0.0143
32.520,0.0143
32.534,0.0143
32.549,0.0143
32.562,0.0143
32.576,0.0143
32.590,0.0143
32.604,0.0143
32.617,0.0143
32.631,0.0143
32.645,0.0143
32.659,0.0143
32.673,0.0143
32.687,0.0143
32.701,0.0143
32.715,0.0143
32.729,0.0143
32.743,0.0143
32.757,0.0143
32.771,0.0143
32.784,0.0143
32.798,0.0143
32.813,0.0143
32.827,0.0143
32.840,0.0143
32.854,0.0143
32.868,0.0143
32.882,0.0143
32.896,0.0143
32.910,0.0143
32.924,0.0143
32.937,0.0143
32.952,0.0143
32.966,0.0143
32.979,0.0143
32.993,0.0143
33.008,0.0143
33.021,0.0083
33.036,0.0060
33.050,0.0060
33.062,0.0060
33.076,0.0060
33.090,0.0060
33.104,0.0060
33.118,0.0060
33.132,0.0060
33.146,0.0013
33.163,0.0000
33.189,0.0000
33.201,0.0000
33.216,0.0000
33.229,0.0000
33.243,0.0000
33.257,0.0000
33.271,0.0000
33.285,0.0000
33.298,0.0000
33.313,0.0000
33.327,0.0000
33.340,0.0000
33.354,0.0000
33.369,0.0000
33.382,0.0000
33.396,0.0000
33.410,0.0000
33.424,0.0000
33.437,0.0000
33.452,0.0000
33.466,0.0000
33.480,0.0000
33.494,0.0000
33.508,0.0000
33.521,0.0000
33.535,0.0000
33.549,0.0000
33.562,0.0000
33.577,0.0000
33.591,0.0000
33.605,0.0000
33.618,0.0000
33.633,0.0000
33.647,0.0000
33.660,0.0000
33.674,0.0000
33.688,0.0000
33.702,0.0000
33.716,0.0000
33.730,0.0000
33.744,0.0000
33.757,0.0000
33.772,0.0000
33.785,0.0000
33.799,0.0000
33.815,0.0000
33.827,0.0000
33.840,0.0000
33.855,0.0000
33.869,0.0000
33.882,0.0000
33.896,0.0000
33.910,0.0000
33.924,0.0000
33.938,0.0000
33.952,0.0000
33.966,0.0000
33.979,0.0000
33.994,0.0000
34.007,0.0000
34.021,0.0000
34.036,0.0000
34.049,0.0000
34.063,0.0000
34.077,0.0000
34.091,0.0000
34.105,0.0000
34.118,0.0000
34.132,0.0000
34.146,0.0000
34.160,0.0000
34.174,0.0000
34.188,0.0000
34.201,0.0000
34.216,0.0000
34.229,0.0000
34.243,0.0000
34.257,0.0000
34.271,0.0000
34.285,0.0000
34.299,0.0000
34.313,0.0000
34.327,0.0000
34.340,0.0000
34.355,0.0000
34.369,0.0000
34.382,0.0000
34.396,0.0000
34.410,0.0000
34.424,0.0000
34.438,0.0000
34.452,0.0000
34.466,0.0000
34.479,0.0000
34.494,0.0000
34.508,0.0000
34.521,0.0000
34.535,0.0000
34.549,0.0000
34.563,0.0000
34.577,0.0000
34.591,0.0000
34.605,0.0000
34.618,0.0000
34.633,0.0000
34.646,0.0000
34.660,0.0000
34.674,0.0000
34.688,0.0000
34.701,0.0000
34.716,0.0000
34.730,0.0000
34.744,0.0000
34.757,0.0000
34.772,0.0000
34.785,0.0000
34.799,0.0000
34.813,0.0000
34.827,0.0000
34.841,0.0000
34.855,0.0000
34.869,0.0000
34.882,0.0000
34.896,0.0000
34.910,0.0000
34.924,0.0000
34.938,0.0000
34.952,0.0000
34.966,0.0000
34.979,0.0000
34.994,0.0000
35.008,0.0000
35.021,0.0000
35.036,0.0000
35.049,0.0000
35.063,0.0000
35.077,0.0000
35.091,0.0000
35.105,0.0000
35.118,0.0000
35.133,0.0000
35.147,0.0000
35.160,0.0000
35.175,0.0000
35.188,0.0000
35.202,0.0000
35.216,0.0000
35.230,0.0000
35.245,0.0000
35.258,0.0000
35.272,0.0000
35.286,0.0000
35.300,0.0000
35.314,0.0000
35.327,0.0000
35.341,0.0000
35.355,0.0000
35.369,0.0000
35.383,0.0000
35.397,0.0000
35.411,0.0000
35.424,0.0000
35.438,0.0000
35.453,0.0000
35.466,0.0000
35.481,0.0000
35.494,0.0000
35.508,0.0000
35.521,0.0000
35.536,0.0000
35.550,0.0000
35.564,0.0000
35.577,0.0000
35.591,0.0000
35.605,0.0000
35.618,0.0000
35.633,0.0000
35.647,0.0000
35.660,0.0000
35.674,0.0000
35.689,0.0000
35.702,0.0000
35.717,0.0000
35.730,0.0000
35.744,0.0000
35.758,0.0000
35.773,0.0000
35.786,0.0000
35.799,0.0000
35.814,0.0000
35.828,0.0000
35.841,0.0000
35.855,0.0000
35.869,0.0000
35.882,0.0000
35.897,0.0000
35.911,0.0000
35.925,0.0000
35.938,0.0000
35.952,0.0000
35.966,0.0000
35.980,0.0000
35.994,0.0000
36.008,0.0000
36.021,0.0000
36.036,0.0000
36.050,0.0000
36.063,0.0000
36.077,0.0000
36.091,0.0000
36.105,0.0000
36.118,0.0000
36.133,0.0000
36.147,0.0000
36.160,0.0000
36.174,0.0000
36.188,0.0000
36.201,0.0000
36.216,0.0000
36.230,0.0000
36.244,0.0000
36.257,0.0000
36.271,0.0000
36.286,0.0000
36.299,0.0000
36.313,0.0000
36.327,0.0000
36.340,0.0000
36.355,0.0000
36.369,0.0000
36.382,0.0000
36.396,0.0000
36.410,0.0000
36.424,0.0000
36.438,0.0000
36.452,0.0000
36.466,0.0000
36.480,0.0000
36.494,0.0000
36.507,0.0000
36.521,0.0000
36.535,0.0000
36.550,0.0000
36.563,0.0000
36.577,0.0000
36.591,0.0000
36.605,0.0000
36.618,0.0000
36.632,0.0000
36.646,0.0000
36.660,0.0000
36.674,0.0000
36.688,0.0000
36.701,0.0000
36.716,0.0000
36.729,0.0000
36.743,0.0000
36.757,0.0000
36.771,0.0000
36.785,0.0000
36.798,0.0000
36.813,0.0000
36.827,0.0000
36.840,0.0000
36.855,0.0000
36.868,0.0000
36.882,0.0000
36.896,0.0000
36.911,0.0000
36.924,0.0000
36.937,0.0000
36.952,0.0000
36.966,0.0000
36.980,0.0000
36.994,0.0000
37.008,0.0000
37.021,0.0000
37.035,0.0000
37.050,0.0000
37.063,0.0000
37.077,0.0000
37.091,0.0000
37.105,0.0000
37.118,0.0000
37.132,0.0000
37.146,0.0000
37.160,0.0000
37.174,0.0000
37.188,0.0000
37.201,0.0000
37.216,0.0000
37.230,0.0000
37.244,0.0000
37.257,0.0000
37.272,0.0000
37.285,0.0000
37.299,0.0000
37.314,0.0000
37.327,0.0000
37.341,0.0000
37.355,0.0000
37.369,0.0000
37.382,0.0000
37.396,0.0000
37.411,0.0000
37.424,0.0000
37.438,0.0000
37.452,0.0000
37.466,0.0000
37.480,0.0000
37.494,0.0000
37.507,0.0000
37.521,0.0000
37.535,0.0000
37.549,0.0000
37.563,0.0000
37.577,0.0000
37.591,0.0000
37.605,0.0000
37.619,0.0000
37.633,0.0000
37.646,0.0000
37.660,0.0000
37.674,0.0000
37.689,0.0000
37.702,0.0000
37.716,0.0000
37.730,0.0000
37.744,0.0000
37.757,0.0000
37.772,0.0000
37.785,0.0000
37.799,0.0000
37.813,0.0000
37.827,0.0000
37.841,0.0000
37.855,0.0000
37.869,0.0000
37.882,0.0000
37.897,0.0000
37.911,0.0000
37.924,0.0000
37.938,0.0000
37.952,0.0000
37.966,0.0000
37.980,0.0000
37.994,0.0000
38.008,0.0000
38.021,0.0000
38.035,0.0000
38.050,0.0000
38.064,0.0000
38.077,0.0000
38.091,0.0000
38.105,0.0000
38.118,0.0000
38.133,0.0000
38.147,0.0000
38.160,0.0000
38.174,0.0000
38.188,0.0000
38.202,0.0000
38.216,0.0000
38.230,0.0000
38.244,0.0000
38.257,0.0000
38.272,0.0000
38.286,0.0000
38.299,0.0000
38.313,0.0000
38.327,0.0000
38.341,0.0000
38.355,0.0000
38.369,0.0000
38.382,0.0000
38.396,0.0000
38.411,0.0000
38.425,0.0000
38.438,0.0000
38.452,0.0000
38.466,0.0000
38.480,0.0000
38.494,0.0000
38.508,0.0000
38.521,0.0000
38.536,0.0000
38.550,0.0000
38.563,0.0000
38.577,0.0000
38.591,0.0000
38.605,0.0000
38.618,0.0000
38.633,0.0000
38.647,0.0000
38.660,0.0000
38.674,0.0000
38.689,0.0000
38.702,0.0000
38.716,0.0000
38.730,0.0000
38.744,0.0000
38.757,0.0000
38.772,0.0000
38.785,0.0000
38.799,0.0000
38.814,0.0000
38.828,0.0000
38.841,0.0000
38.855,0.0000
38.869,0.0000
38.882,0.0000
38.897,0.0000
38.911,0.0000
38.924,0.0000
38.937,0.0000
38.952,0.0000
38.966,0.0000
38.979,0.0000
38.994,0.0000
39.007,0.0000
39.021,0.0000
39.036,0.0000
39.050,0.0000
39.063,0.0000
39.077,0.0000
39.091,0.0000
39.105,0.0000
39.119,0.0000
39.133,0.0000
39.147,0.0000
39.160,0.0000
39.174,0.0000
39.189,0.0000
39.202,0.0000
39.216,0.0000
39.230,0.0000
39.244,0.0000
39.258,0.0000
39.272,0.0000
39.286,0.0000
39.299,0.0000
39.314,0.0000
39.327,0.0000
39.341,0.0000
39.355,0.0000
39.369,0.0000
39.383,0.0000
39.397,0.0000
39.411,0.0000
39.425,0.0000
39.438,0.0000
39.453,0.0000
39.466,0.0000
39.480,0.0000
39.494,0.0000
39.508,0.0000
39.521,0.0000
39.536,0.0000
39.550,0.0000
39.564,0.0000
39.577,0.0000
39.591,0.0000
39.605,0.0000
39.619,0.0000
39.633,0.0000
39.647,0.0000
39.660,0.0000
39.675,0.0000
39.689,0.0000
39.702,0.0000
39.716,0.0000
39.730,0.0000
39.744,0.0000
39.758,0.0000
39.772,0.0000
39.785,0.0000
39.799,0.0000
39.813,0.0000
39.828,0.0000
39.841,0.0000
39.855,0.0000
39.869,0.0000
39.882,0.0000
39.897,0.0000
39.911,0.0000
39.925,0.0000
39.938,0.0000
39.952,0.0000
39.966,0.0000
39.980,0.0000
39.994,0.0000
40.008,0.0000
40.021,0.0000
40.036,0.0000
40.050,0.0000
40.063,0.0000
40.077,0.0000
40.091,0.0000
40.105,0.0000
40.119,0.0000
40.133,0.0000
40.147,0.0000
40.160,0.0000
40.175,0.0000
40.188,0.0000
40.202,0.0000
40.216,0.0000
40.230,0.0000
40.244,0.0000
40.258,0.0000
40.272,0.0000
40.286,0.0000
40.299,0.0000
40.314,0.0000
40.327,0.0000
40.341,0.0000
40.355,0.0000
40.369,0.0000
40.383,0.0000
40.397,0.0000
40.411,0.0000
40.425,0.0000
40.438,0.0000
40.452,0.0000
40.466,0.0000
40.480,0.0000
40.494,0.0000
40.508,0.0000
40.521,0.0000
40.536,0.0000
40.550,0.0000
40.563,0.0000
40.577,0.0000
40.591,0.0000
40.605,0.0000
40.619,0.0000
40.633,0.0000
40.647,0.0000
40.660,0.0000
40.675,0.0000
40.688,0.0000
40.702,0.0000
40.716,0.0000
40.730,0.0000
40.744,0.0000
40.758,0.0000
40.772,0.0000
40.786,0.0000
40.799,0.0000
40.813,0.0000
40.827,0.0000
40.841,0.0000
40.855,0.0000
40.869,0.0000
40.882,0.0000
40.897,0.0000
40.911,0.0000
40.925,0.0000
40.938,0.0000
40.952,0.0000
40.966,0.0000
40.980,0.0000
40.994,0.0000
41.008,0.0000
41.021,0.0000
41.036,0.0000
41.050,0.0000
41.063,0.0000
41.078,0.0000
41.091,0.0000
41.105,0.0000
41.119,0.0000
41.133,0.0000
41.147,0.0000
41.160,0.0000
41.175,0.0000
41.188,0.0000
41.202,0.0000
41.216,0.0000
41.230,0.0000
41.244,0.0000
41.258,0.0000
41.272,0.0000
41.286,0.0000
41.299,0.0000
41.313,0.0000
41.327,0.0000
41.341,0.0000
41.355,0.0000
41.369,0.0000
41.382,0.0000
41.397,0.0000
41.411,0.0000
41.425,0.0000
41.438,0.0000
41.453,0.0000
41.466,0.0000
41.480,0.0000
41.494,0.0000
41.508,0.0000
41.521,0.0000
41.536,0.0000
41.550,0.0000
41.564,0.0000
41.577,0.0000
41.592,0.0000
41.605,0.0000
41.619,0.0000
41.633,0.0000
41.647,0.0000
41.660,0.0000
41.675,0.0000
41.689,0.0000
41.702,0.0000
41.716,0.0000
41.730,0.0000
41.744,0.0000
41.757,0.0000
41.772,0.0000
41.785,0.0000
41.799,0.0000
41.813,0.0000
41.827,0.0000
41.841,0.0000
41.855,0.0000
41.869,0.0000
41.883,0.0000
41.897,0.0000
41.911,0.0000
41.925,0.0000
41.938,0.0000
41.952,0.0000
41.966,0.0000
41.980,0.0000
41.994,0.0000
42.008,0.0000
42.021,0.0000
42.035,0.0000
42.049,0.0000
42.063,0.0000
42.078,0.0000
42.091,0.0000
42.105,0.0000
42.118,0.0000
42.133,0.0000
42.147,0.0000
42.160,0.0000
42.175,0.0000
42.189,0.0000
42.202,0.0000
42.216,0.0000
42.230,0.0000
42.244,0.0000
42.258,0.0000
42.272,0.0000
42.286,0.0000
42.299,0.0000
42.313,0.0000
42.327,0.0000
42.341,0.0000
42.355,0.0000
42.369,0.0000
42.383,0.0000
42.397,0.0000
42.411,0.0000
42.424,0.0000
42.438,0.0000
42.452,0.0000
42.466,0.0000
42.480,0.0000
42.494,0.0000
42.508,0.0000
42.521,0.0000
42.536,0.0000
42.549,0.0000
42.563,0.0000
42.577,0.0000
42.591,0.0000
42.606,0.0000
42.618,0.0000
42.633,0.0000
42.647,0.0000
42.660,0.0000
42.674,0.0000
42.688,0.0000
42.702,0.0000
42.716,0.0000
42.730,0.0000
42.744,0.0000
42.757,0.0000
42.772,0.0000
42.786,0.0000
42.799,0.0000
42.813,0.0000
42.827,0.0000
42.841,0.0000
42.855,0.0000
42.869,0.0000
42.882,0.0000
42.897,0.0000
42.911,0.0000
42.925,0.0000
42.938,0.0000
42.952,0.0000
42.966,0.0000
42.980,0.0000
42.994,0.0000
43.008,0.0000
43.021,0.0000
43.036,0.0000
43.050,0.0000
43.063,0.0000
43.077,0.0000
43.091,0.0000
43.105,0.0000
43.118,0.0000
43.133,0.0000
43.146,0.0000
43.161,0.0000
43.174,0.0000
43.189,0.0000
43.202,0.0000
43.216,0.0000
43.230,0.0000
43.244,0.0000
43.258,0.0000
43.272,0.0000
43.286,0.0000
43.299,0.0000
43.314,0.0000
43.328,0.0000
43.341,0.0000
43.355,0.0000
43.369,0.0000
43.383,0.0000
43.397,0.0000
43.411,0.0000
43.425,0.0000
43.438,0.0000
43.453,0.0000
43.466,0.0000
43.480,0.0000
43.494,0.0000
43.508,0.0000
43.521,0.0000
43.535,0.0000
43.550,0.0000
43.563,0.0000
43.577,0.0000
43.591,0.0000
43.605,0.0000
43.618,0.0000
43.633,0.0000
43.647,0.0000
43.660,0.0000
43.674,0.0000
43.688,0.0000
43.702,0.0000
43.716,0.0000
43.730,0.0000
43.744,0.0000
43.757,0.0000
43.772,0.0000
43.785,0.0000
43.799,0.0000
43.813,0.0000
43.827,0.0000
43.841,0.0000
43.855,0.0000
43.869,0.0000
43.882,0.0000
43.896,0.0000
43.910,0.0000
43.924,0.0000
43.938,0.0000
43.952,0.0000
43.966,0.0000
43.980,0.0000
43.994,0.0000
44.008,0.0000
44.021,0.0000
44.035,0.0000
44.050,0.0000
44.063,0.0000
44.077,0.0000
44.091,0.0000
44.105,0.0000
44.118,0.0000
44.133,0.0000
44.147,0.0000
44.160,0.0000
44.174,0.0000
44.189,0.0000
44.201,0.0000
44.216,0.0000
44.230,0.0000
44.244,0.0000
44.257,0.0000
44.271,0.0000
44.285,0.0000
44.299,0.0000
44.313,0.0000
44.327,0.0000
44.340,0.0000
44.355,0.0000
44.369,0.0000
44.382,0.0000
44.396,0.0000
44.410,0.0000
44.424,0.0000
44.437,0.0000
44.452,0.0000
44.465,0.0000
44.479,0.0000
44.494,0.0000
44.507,0.0000
44.521,0.0000
44.535,0.0000
44.549,0.0000
44.563,0.0000
44.577,0.0000
44.591,0.0000
44.605,0.0000
44.618,0.0000
44.633,0.0000
44.647,0.0000
44.660,0.0000
44.674,0.0000
44.688,0.0000
44.702,0.0000
44.716,0.0000
44.730,0.0000
44.744,0.0000
44.757,0.0000
44.771,0.0000
44.786,0.0000
44.799,0.0000
44.813,0.0000
44.827,0.0000
44.841,0.0000
44.855,0.0000
44.869,0.0000
44.882,0.0000
44.897,0.0000
44.911,0.0000
44.924,0.0000
44.937,0.0000
44.952,0.0000
44.966,0.0000
44.979,0.0000
44.994,0.0000
45.007,0.0000
45.021,0.0000
45.035,0.0000
45.049,0.0000
45.062,0.0000
45.077,0.0000
45.091,0.0000
45.104,0.0000
45.118,0.0000
45.132,0.0000
45.146,0.0000
45.160,0.0000
45.174,0.0000
45.188,0.0000
45.201,0.0000
45.216,0.0000
45.230,0.0000
45.244,0.0000
45.257,0.0000
45.271,0.0000
45.285,0.0000
45.299,0.0000
45.313,0.0000
45.327,0.0000
45.340,0.0000
45.355,0.0000
45.369,0.0000
45.382,0.0000
45.397,0.0000
45.410,0.0000
45.424,0.0000
45.437,0.0000
45.452,0.0000
45.466,0.0000
45.479,0.0000
45.494,0.0000
45.508,0.0000
45.521,0.0000
45.535,0.0000
45.549,0.0000
45.563,0.0000
45.577,0.0000
45.591,0.0000
45.605,0.0000
45.618,0.0000
45.632,0.0000
45.646,0.0000
45.660,0.0000
45.674,0.0000
45.688,0.0000
45.702,0.0000
45.716,0.0000
45.730,0.0000
45.743,0.0000
45.757,0.0000
45.771,0.0000
45.785,0.0000
45.799,0.0000
45.813,0.0000
45.827,0.0000
45.840,0.0000
45.855,0.0000
45.869,0.0000
45.882,0.0000
45.896,0.0000
45.910,0.0000
45.924,0.0000
45.938,0.0000
45.952,0.0000
45.966,0.0000
45.979,0.0000
45.993,0.0000
46.008,0.0000
46.021,0.0000
46.035,0.0000
46.049,0.0000
46.063,0.0000
46.077,0.0000
46.091,0.0000
46.105,0.0000
46.118,0.0000
46.132,0.0000
46.147,0.0000
46.160,0.0000
46.174,0.0000
46.188,0.0000
46.202,0.0000
46.216,0.0000
46.230,0.0000
46.244,0.0000
46.257,0.0000
46.271,0.0000
46.285,0.0000
46.299,0.0000
46.313,0.0000
46.327,0.0000
46.341,0.0000
46.355,0.0000
46.369,0.0000
46.383,0.0000
46.397,0.0000
46.411,0.0000
46.425,0.0000
46.438,0.0000
46.452,0.0000
46.466,0.0000
46.480,0.0000
46.494,0.0000
46.508,0.0000
46.522,0.0000
46.536,0.0000
46.550,0.0000
46.564,0.0000
46.577,0.0000
46.591,0.0000
46.605,0.0000
46.619,0.0000
46.633,0.0000
46.647,0.0000
46.660,0.0000
46.675,0.0000
46.689,0.0000
46.702,0.0000
46.716,0.0000
46.730,0.0000
46.744,0.0000
46.758,0.0000
46.772,0.0000
46.786,0.0000
46.799,0.0000
46.814,0.0000
46.828,0.0000
46.841,0.0000
46.856,0.0000
46.869,0.0000
46.883,0.0000
46.897,0.0000
46.911,0.0000
46.925,0.0000
46.938,0.0000
46.953,0.0000
46.966,0.0000
46.980,0.0000
46.994,0.0000
47.008,0.0000
47.022,0.0000
47.036,0.0000
47.050,0.0000
47.064,0.0000
47.077,0.0000
47.091,0.0000
47.105,0.0000
47.119,0.0000
47.133,0.0000
47.147,0.0000
47.160,0.0000
47.175,0.0000
47.189,0.0000
47.202,0.0000
47.216,0.0000
47.230,0.0000
47.245,0.0000
47.258,0.0000
47.272,0.0000
47.286,0.0000
47.299,0.0000
47.314,0.0000
47.328,0.0000
47.341,0.0000
47.355,0.0000
47.369,0.0000
47.383,0.0000
47.397,0.0000
47.411,0.0000
47.425,0.0000
47.438,0.0000
47.453,0.0000
47.466,0.0000
47.480,0.0000
47.494,0.0000
47.508,0.0000
47.522,0.0000
47.536,0.0000
47.550,0.0000
47.563,0.0000
47.577,0.0000
47.591,0.0000
47.605,0.0000
47.619,0.0000
47.633,0.0000
47.647,0.0000
47.661,0.0000
47.674,0.0000
47.688,0.0000
47.702,0.0000
47.716,0.0000
47.730,0.0000
47.744,0.0000
47.757,0.0000
47.771,0.0000
47.785,0.0000
47.799,0.0000
47.813,0.0000
47.827,0.0000
47.840,0.0000
47.855,0.0000
47.869,0.0000
47.882,0.0000
47.896,0.0000
47.910,0.0000
47.925,0.0000
47.937,0.0000
47.952,0.0000
47.966,0.0000
47.979,0.0000
47.993,0.0000
48.007,0.0000
48.021,0.0000
48.035,0.0000
48.049,0.0000
48.062,0.0000
48.077,0.0000
48.091,0.0000
48.104,0.0000
48.118,0.0000
48.132,0.0000
48.147,0.0000
48.160,0.0000
48.174,0.0000
48.188,0.0000
48.201,0.0000
48.215,0.0000
48.229,0.0000
48.243,0.0000
48.257,0.0000
48.271,0.0000
48.285,0.0000
48.298,0.0000
48.313,0.0000
48.326,0.0000
48.340,0.0000
48.354,0.0000
48.368,0.0000
48.382,0.0000
48.396,0.0000
48.410,0.0000
48.424,0.0000
48.437,0.0000
48.452,0.0000
48.466,0.0000
48.479,0.0000
48.493,0.0000
48.507,0.0000
48.521,0.0000
48.535,0.0000
48.549,0.0000
48.562,0.0000
48.577,0.0000
48.591,0.0000
48.604,0.0000
48.618,0.0000
48.632,0.0000
48.646,0.0000
48.660,0.0000
48.674,0.0000
48.688,0.0000
48.701,0.0000
48.716,0.0000
48.729,0.0000
48.743,0.0000
48.757,0.0000
48.771,0.0000
48.785,0.0000
48.798,0.0000
48.813,0.0000
48.827,0.0000
48.840,0.0000
48.855,0.0000
48.868,0.0000
48.882,0.0000
48.896,0.0000
48.910,0.0000
48.924,0.0000
48.937,0.0000
48.952,0.0000
48.966,0.0000
48.979,0.0000
48.993,0.0000
49.007,0.0000
49.021,0.0000
49.035,0.0000
49.049,0.0000
49.063,0.0000
49.077,0.0000
49.091,0.0000
49.105,0.0000
49.118,0.0000
49.132,0.0050
49.146,0.0050
49.160,0.0050
49.174,0.0050
49.188,0.0050
49.202,0.0050
49.216,0.0050
49.230,0.0050
49.244,0.0050
49.257,0.0050
49.272,0.0050
49.286,0.0050
49.299,0.0050
49.314,0.0050
49.327,0.0050
49.341,0.0050
49.356,0.0050
49.369,0.0050
49.382,0.0050
49.397,0.0050
49.411,0.0050
49.425,0.0050
49.438,0.0050
49.452,0.0050
49.466,0.0050
49.480,0.0050
49.494,0.0050
49.508,0.0050
49.521,0.0050
49.536,0.0050
49.550,0.0050
49.564,0.0050
49.577,0.0050
49.591,0.0050
49.605,0.0050
49.619,0.0050
49.633,0.0050
49.647,0.0050
49.660,0.0050
49.674,0.0050
49.689,0.0050
49.702,0.0050
49.716,0.0050
49.730,0.0050
49.744,0.0050
49.758,0.0050
49.772,0.0050
49.786,0.0050
49.799,0.0050
49.813,0.0050
49.827,0.0050
49.841,0.0050
49.855,0.0050
49.869,0.0050
49.882,0.0050
49.897,0.0050
49.911,0.0050
49.924,0.0050
49.938,0.0050
49.952,0.0050
49.966,0.0050
49.979,0.0050
49.994,0.0050
50.008,0.0050
50.021,0.0050
50.036,0.0050
50.050,0.0050
50.063,0.0050
50.077,0.0050
50.091,0.0050
50.105,0.0050
50.118,0.0050
50.132,0.0050
50.147,0.0050
50.160,0.0050
50.175,0.0050
50.188,0.0050
50.201,0.0050
50.216,0.0050
50.230,0.0050
50.244,0.0050
50.257,0.0050
50.271,0.0050
50.285,0.0050
50.299,0.0050
50.313,0.0050
50.327,0.0050
50.340,0.0050
50.355,0.0050
50.369,0.0050
50.382,0.0050
50.397,0.0050
50.411,0.0050
50.425,0.0050
50.438,0.0050
50.452,0.0050
50.466,0.0050
50.480,0.0050
50.494,0.0050
50.508,0.0050
50.521,0.0050
50.536,0.0050
50.550,0.0050
50.563,0.0050
50.578,0.0050
50.591,0.0050
50.605,0.0050
50.619,0.0050
50.633,0.0050
50.647,0.0050
50.660,0.0050
50.674,0.0050
50.688,0.0050
50.701,0.0050
50.716,0.0050
50.730,0.0050
50.748,0.0050
50.757,0.0050
50.772,0.0050
50.785,0.0050
50.798,0.0050
50.813,0.0050
50.827,0.0050
50.840,0.0050
50.855,0.0050
50.869,0.0050
50.882,0.0050
50.896,0.0050
50.910,0.0050
50.924,0.0050
50.937,0.0050
50.952,0.0050
50.966,0.0050
50.979,0.0050
50.994,0.0050
51.007,0.0050
51.021,0.0033
51.036,0.0000
51.052,0.0000
51.063,0.0000
51.077,0.0000
51.091,0.0000
51.104,0.0000
51.118,0.0000
51.132,0.0000
51.146,0.0000
51.160,0.0000
51.174,0.0000
51.188,0.0000
51.201,0.0000
51.216,0.0000
51.229,0.0000
51.243,0.0000
51.257,0.0000
51.271,0.0000
51.285,0.0000
51.298,0.0000
51.313,0.0000
51.327,0.0000
51.340,0.0000
51.354,0.0000
51.368,0.0000
51.382,0.0000
51.396,0.0000
51.410,0.0000
51.424,0.0000
51.437,0.0000
51.452,0.0000
51.465,0.0000
51.479,0.0000
51.493,0.0000
51.507,0.0000
51.521,0.0000
51.535,0.0000
51.549,0.0000
51.562,0.0000
51.577,0.0000
51.590,0.0000
51.604,0.0000
51.618,0.0000
51.632,0.0000
51.646,0.0000
51.659,0.0000
51.674,0.0000
51.688,0.0000
51.701,0.0000
51.716,0.0000
51.730,0.0000
51.743,0.0000
51.757,0.0000
51.771,0.0000
51.785,0.0000
51.798,0.0000
51.813,0.0000
51.827,0.0000
51.840,0.0000
51.855,0.0000
51.868,0.0000
51.882,0.0000
51.896,0.0000
51.910,0.0000
51.924,0.0000
51.937,0.0000
51.952,0.0000
51.966,0.0000
51.979,0.0000
51.993,0.0000
52.007,0.0000
52.021,0.0000
52.035,0.0000
52.049,0.0000
52.062,0.0000
52.077,0.0000
52.090,0.0000
52.104,0.0000
52.118,0.0000
52.132,0.0000
52.146,0.0000
52.160,0.0000
52.174,0.0000
52.188,0.0000
52.201,0.0000
52.216,0.0000
52.230,0.0000
52.244,0.0000
52.257,0.0000
52.271,0.0000
52.285,0.0000
52.299,0.0000
52.313,0.0000
52.327,0.0000
52.340,0.0000
52.354,0.0000
52.369,0.0000
52.382,0.0000
52.396,0.0000
52.410,0.0000
52.424,0.0000
52.437,0.0000
52.452,0.0000
52.466,0.0000
52.479,0.0000
52.494,0.0000
52.507,0.0000
52.521,0.0000
52.535,0.0000
52.549,0.0000
52.562,0.0000
52.577,0.0000
52.591,0.0000
52.604,0.0000
52.618,0.0000
52.632,0.0000
52.646,0.0000
52.660,0.0000
52.674,0.0000
52.688,0.0000
52.701,0.0000
52.715,0.0000
52.730,0.0000
52.744,0.0000
52.757,0.0000
52.771,0.0000
52.785,0.0000
52.798,0.0000
52.813,0.0000
52.827,0.0000
52.840,0.0000
52.855,0.0000
52.869,0.0000
52.882,0.0000
52.896,0.0000
52.910,0.0000
52.924,0.0000
52.938,0.0000
52.952,0.0000
52.966,0.0000
52.979,0.0000
52.994,0.0000
53.007,0.0000
53.021,0.0000
53.035,0.0000
53.049,0.0000
53.063,0.0000
53.077,0.0000
53.091,0.0000
53.105,0.0000
53.119,0.0000
53.133,0.0000
53.147,0.0000
53.160,0.0000
53.174,0.0000
53.188,0.0000
53.202,0.0000
53.216,0.0000
53.230,0.0000
53.244,0.0000
53.257,0.0000
53.271,0.0000
53.286,0.0000
53.299,0.0000
53.313,0.0000
53.327,0.0000
53.340,0.0000
53.355,0.0000
53.369,0.0000
53.382,0.0000
53.397,0.0000
53.411,0.0000
53.424,0.0000
53.438,0.0000
53.452,0.0000
53.466,0.0000
53.480,0.0000
53.494,0.0000
53.508,0.0000
53.521,0.0000
53.536,0.0000
53.550,0.0000
53.563,0.0000
53.577,0.0000
53.591,0.0000
53.605,0.0000
53.619,0.0000
53.633,0.0000
53.647,0.0000
53.660,0.0000
53.674,0.0000
53.688,0.0000
53.702,0.0000
53.716,0.0000
53.730,0.0000
53.744,0.0000
53.757,0.0000
53.772,0.0000
53.785,0.0000
53.798,0.0000
53.813,0.0000
53.827,0.0000
53.840,0.0000
53.854,0.0000
53.868,0.0000
53.882,0.0000
53.896,0.0000
53.910,0.0000
53.924,0.0000
53.937,0.0000
53.952,0.0000
53.965,0.0000
53.979,0.0000
53.993,0.0000
54.007,0.0000
54.020,0.0000
54.035,0.0000
54.049,0.0000
54.062,0.0000
54.077,0.0000
54.090,0.0000
54.104,0.0000
54.117,0.0000
54.132,0.0000
54.146,0.0000
54.159,0.0000
54.173,0.0000
54.187,0.0000
54.201,0.0000
54.215,0.0000
54.229,0.0000
54.243,0.0000
54.257,0.0000
54.271,0.0000
54.285,0.0000
54.298,0.0000
54.313,0.0000
54.327,0.0000
54.340,0.0000
54.354,0.0000
54.368,0.0000
54.382,0.0000
54.396,0.0000
54.410,0.0000
54.424,0.0000
54.437,0.0000
54.452,0.0000
54.465,0.0000
54.479,0.0000
54.494,0.0000
54.507,0.0000
54.520,0.0000
54.535,0.0000
54.549,0.0000
54.562,0.0000
54.577,0.0000
54.590,0.0000
54.604,0.0000
54.618,0.0000
54.632,0.0000
54.646,0.0000
54.659,0.0000
54.674,0.0000
54.688,0.0000
54.701,0.0000
54.715,0.0000
54.729,0.0000
54.743,0.0000
54.757,0.0000
54.771,0.0000
54.785,0.0000
54.798,0.0000
54.813,0.0000
54.827,0.0000
54.840,0.0000
54.855,0.0000
54.868,0.0000
54.882,0.0000
54.896,0.0000
54.910,0.0000
54.924,0.0000
54.937,0.0000
54.951,0.0000
54.965,0.0000
54.979,0.0000
54.993,0.0000
55.007,0.0000
55.020,0.0000
55.035,0.0000
55.049,0.0000
55.062,0.0000
55.077,0.0000
55.090,0.0000
55.104,0.0000
55.118,0.0000
55.132,0.0000
55.146,0.0000
55.159,0.0000
55.174,0.0000
55.188,0.0000
55.201,0.0000
55.215,0.0000
55.229,0.0000
55.243,0.0000
55.257,0.0000
55.271,0.0000
55.285,0.0000
55.298,0.0000
55.313,0.0000
55.327,0.0000
55.340,0.0000
55.355,0.0000
55.368,0.0000
55.382,0.0000
55.396,0.0000
55.410,0.0000
55.423,0.0000
55.437,0.0000
55.452,0.0000
55.465,0.0000
55.479,0.0000
55.493,0.0000
55.507,0.0000
55.521,0.0000
55.535,0.0000
55.548,0.0000
55.562,0.0000
55.577,0.0000
55.590,0.0000
55.604,0.0000
55.618,0.0000
55.632,0.0000
55.646,0.0000
55.659,0.0000
55.673,0.0000
55.688,0.0000
55.701,0.0000
55.715,0.0000
55.729,0.0000
55.743,0.0000
55.757,0.0000
55.771,0.0000
55.785,0.0000
55.798,0.0000
55.813,0.0000
55.826,0.0000
55.840,0.0000
55.855,0.0000
55.868,0.0000
55.882,0.0000
55.896,0.0000
55.910,0.0000
55.924,0.0000
55.937,0.0000
55.951,0.0000
55.965,0.0000
55.979,0.0000
55.993,0.0000
56.007,0.0000
56.020,0.0000
56.035,0.0000
56.049,0.0000
56.062,0.0000
56.076,0.0000
56.090,0.0000
56.104,0.0000
56.117,0.0000
56.132,0.0000
56.146,0.0000
56.159,0.0047
56.173,0.0047
56.188,0.0047
56.202,0.0047
56.215,0.0047
56.229,0.0047
56.242,0.0047
56.257,0.0047
56.270,0.0047
56.284,0.0047
56.298,0.0047
56.313,0.0047
56.326,0.0047
56.340,0.0047
56.354,0.0047
56.368,0.0047
56.382,0.0047
56.396,0.0047
56.410,0.0047
56.424,0.0047
56.437,0.0047
56.451,0.0047
56.465,0.0047
56.479,0.0047
56.493,0.0047
56.507,0.0047
56.520,0.0047
56.535,0.0047
56.549,0.0047
56.562,0.0047
56.577,0.0047
56.591,0.0047
56.604,0.0047
56.618,0.0047
56.632,0.0047
56.646,0.0047
56.659,0.0047
56.674,0.0047
56.687,0.0047
56.701,0.0047
56.715,0.0047
56.730,0.0047
56.743,0.0047
56.757,0.0047
56.770,0.0047
56.785,0.0047
56.797,0.0047
56.812,0.0047
56.826,0.0047
56.839,0.0047
56.854,0.0047
56.868,0.0047
56.882,0.0047
56.896,0.0047
56.910,0.0047
56.924,0.0047
56.937,0.0047
56.951,0.0047
56.965,0.0047
56.979,0.0047
56.993,0.0047
57.007,0.0047
57.020,0.0010
57.036,0.0000
57.049,0.0000
57.062,0.0000
57.076,0.0000
57.090,0.0000
57.104,0.0000
57.117,0.0000
57.131,0.0000
57.145,0.0000
57.159,0.0000
57.174,0.0000
57.188,0.0000
57.201,0.0000
57.215,0.0000
57.229,0.0000
57.243,0.0000
57.257,0.0000
57.270,0.0000
57.284,0.0000
57.298,0.0000
57.312,0.0000
57.326,0.0000
57.340,0.0000
57.354,0.0000
57.368,0.0000
57.381,0.0000
57.396,0.0000
57.409,0.0000
57.423,0.0000
57.438,0.0000
57.451,0.0000
57.465,0.0000
57.479,0.0000
57.493,0.0000
57.506,0.0000
57.520,0.0000
57.534,0.0000
57.548,0.0000
57.562,0.0000
57.576,0.0000
57.590,0.0000
57.604,0.0000
57.617,0.0000
57.632,0.0000
57.646,0.0000
57.659,0.0000
57.673,0.0000
57.687,0.0000
57.701,0.0000
57.715,0.0000
57.729,0.0000
57.742,0.0000
57.757,0.0000
57.771,0.0000
57.785,0.0000
57.798,0.0000
57.812,0.0000
57.826,0.0000
57.840,0.0000
57.854,0.0000
57.868,0.0000
57.881,0.0000
57.896,0.0000
57.910,0.0000
57.924,0.0000
57.937,0.0000
57.951,0.0000
57.965,0.0000
57.979,0.0000
57.993,0.0000
58.007,0.0000
58.020,0.0000
58.035,0.0000
58.049,0.0000
58.062,0.0000
58.076,0.0000
58.090,0.0000
58.104,0.0000
58.117,0.0000
58.132,0.0000
58.146,0.0000
58.159,0.0000
58.173,0.0000
58.188,0.0000
58.201,0.0000
58.215,0.0000
58.229,0.0000
58.242,0.0000
58.257,0.0000
58.270,0.0000
58.285,0.0000
58.298,0.0000
58.312,0.0000
58.326,0.0000
58.340,0.0000
58.354,0.0000
58.368,0.0000
58.381,0.0000
58.396,0.0000
58.410,0.0000
58.423,0.0000
58.437,0.0000
58.451,0.0000
58.465,0.0000
58.479,0.0000
58.493,0.0000
58.507,0.0000
58.520,0.0000
58.534,0.0000
58.548,0.0000
58.562,0.0000
58.576,0.0000
58.590,0.0000
58.604,0.0000
58.618,0.0000
58.632,0.0000
58.646,0.0000
58.659,0.0000
58.673,0.0000
58.687,0.0000
58.702,0.0000
58.715,0.0000
58.729,0.0000
58.742,0.0000
58.757,0.0000
58.771,0.0000
58.785,0.0000
58.798,0.0000
58.813,0.0000
58.826,0.0000
58.840,0.0000
58.854,0.0000
58.868,0.0000
58.881,0.0000
58.896,0.0000
58.910,0.0000
58.924,0.0000
58.937,0.0000
58.952,0.0000
58.965,0.0000
58.979,0.0000
58.993,0.0000
59.007,0.0000
59.021,0.0000
59.035,0.0000
59.049,0.0000
59.062,0.0000
59.077,0.0000
59.091,0.0000
59.104,0.0000
59.118,0.0000
59.132,0.0000
59.146,0.0000
59.160,0.0000
59.174,0.0000
59.188,0.0000
59.201,0.0000
59.216,0.0000
59.230,0.0000
59.244,0.0000
59.257,0.0000
59.271,0.0000
59.285,0.0000
59.298,0.0000
59.313,0.0000
59.327,0.0000
59.340,0.0000
59.354,0.0000
59.368,0.0000
59.382,0.0000
59.396,0.0000
59.410,0.0000
59.424,0.0000
59.437,0.0000
59.452,0.0000
59.466,0.0000
59.479,0.0000
59.493,0.0000
59.508,0.0000
59.521,0.0000
59.535,0.0000
59.549,0.0000
59.562,0.0000
59.577,0.0000
59.590,0.0000
59.604,0.0000
59.618,0.0000
59.632,0.0000
59.646,0.0000
59.659,0.0000
59.674,0.0000
59.687,0.0000
59.701,0.0000
59.715,0.0000
59.729,0.0000
59.742,0.0000
59.757,0.0000
59.771,0.0000
59.784,0.0000
59.798,0.0000
59.812,0.0000
59.826,0.0000
59.839,0.0000
59.854,0.0000
59.868,0.0000
59.881,0.0000
59.895,0.0000
59.909,0.0000
59.923,0.0000
59.938,0.0000
59.951,0.0000
59.965,0.0000
59.978,0.0000
59.992,0.0000
60.006,0.0000
60.020,0.0000
60.034,0.0000
60.048,0.0000
60.061,0.0000
60.076,0.0000
60.090,0.0000
60.104,0.0000
60.117,0.0000
60.131,0.0000
60.146,0.0000
60.159,0.0000
60.173,0.0000
60.187,0.0000
60.200,0.0000
60.215,0.0000
60.229,0.0000
60.242,0.0000
60.257,0.0000
60.270,0.0000
60.284,0.0000
60.298,0.0000
60.312,0.0000
60.326,0.0000
60.339,0.0000
60.354,0.0000
60.368,0.0000
60.381,0.0000
60.395,0.0000
60.409,0.0000
60.422,0.0000
60.437,0.0000
60.451,0.0000
60.465,0.0000
60.478,0.0000
60.492,0.0000
60.506,0.0000
60.519,0.0000
60.534,0.0000
60.548,0.0000
60.561,0.0000
60.575,0.0000
60.589,0.0000
60.603,0.0000
60.617,0.0000
60.631,0.0000
60.645,0.0000
60.658,0.0000
60.673,0.0000
60.686,0.0000
60.700,0.0000
60.714,0.0000
60.728,0.0000
60.742,0.0000
60.756,0.0000
60.770,0.0000
60.784,0.0000
60.797,0.0000
60.812,0.0000
60.825,0.0000
60.839,0.0000
60.853,0.0000
60.867,0.0000
60.880,0.0000
60.895,0.0000
60.909,0.0000
60.922,0.0000
60.936,0.0000
60.950,0.0000
60.964,0.0000
60.977,0.0000
60.992,0.0000
61.006,0.0000
61.019,0.0000
61.034,0.0000
61.048,0.0000
61.061,0.0000
61.075,0.0000
61.089,0.0000
61.102,0.0000
61.117,0.0000
61.130,0.0000
61.145,0.0000
61.158,0.0000
61.172,0.0000
61.186,0.0000
61.200,0.0000
61.214,0.0000
61.228,0.0000
61.241,0.0000
61.256,0.0000
61.270,0.0000
61.283,0.0000
61.297,0.0000
61.312,0.0000
61.325,0.0000
61.338,0.0000
61.353,0.0000
61.367,0.0000
61.380,0.0000
61.394,0.0000
61.409,0.0000
61.422,0.0000
61.436,0.0000
61.450,0.0000
61.464,0.0000
61.478,0.0000
61.492,0.0000
61.506,0.0000
61.519,0.0000
61.534,0.0000
61.547,0.0000
61.561,0.0000
61.576,0.0000
61.589,0.0000
61.603,0.0000
61.617,0.0000
61.631,0.0000
61.645,0.0000
61.658,0.0000
61.672,0.0000
61.687,0.0000
61.700,0.0000
61.714,0.0000
61.728,0.0000
61.741,0.0000
61.756,0.0000
61.769,0.0000
61.784,0.0000
61.797,0.0000
61.812,0.0000
61.826,0.0000
61.839,0.0000
61.854,0.0000
61.868,0.0000
61.881,0.0000
61.896,0.0000
61.911,0.0000
61.924,0.0000
61.937,0.0000
61.951,0.0000
61.965,0.0000
61.979,0.0000
61.993,0.0000
62.007,0.0000
62.021,0.0000
62.035,0.0000
62.049,0.0000
62.062,0.0000
62.077,0.0000
62.091,0.0000
62.105,0.0000
62.118,0.0000
62.132,0.0000
62.146,0.0000
62.160,0.0000
62.174,0.0000
62.188,0.0000
62.201,0.0000
62.216,0.0000
62.230,0.0000
62.244,0.0000
62.257,0.0000
62.271,0.0000
62.285,0.0000
62.299,0.0000
62.313,0.0000
62.327,0.0000
62.340,0.0000
62.355,0.0000
62.369,0.0000
62.382,0.0000
62.396,0.0000
62.410,0.0000
62.424,0.0000
62.437,0.0000
62.452,0.0000
62.466,0.0000
62.480,0.0000
62.494,0.0000
62.507,0.0000
62.521,0.0000
62.535,0.0000
62.549,0.0000
62.563,0.0000
62.577,0.0000
62.591,0.0000
62.604,0.0000
62.618,0.0000
62.632,0.0000
62.646,0.0000
62.659,0.0000
62.673,0.0000
62.687,0.0000
62.701,0.0000
62.715,0.0000
62.728,0.0000
62.742,0.0000
62.756,0.0000
62.770,0.0000
62.784,0.0000
62.797,0.0000
62.811,0.0000
62.825,0.0000
62.839,0.0000
62.853,0.0000
62.867,0.0000
62.880,0.0000
62.895,0.0000
62.908,0.0000
62.922,0.0000
62.936,0.0000
62.950,0.0000
62.964,0.0000
62.977,0.0000
62.992,0.0000
63.005,0.0000
63.019,0.0000
63.033,0.0000
63.048,0.0000
63.061,0.0000
63.075,0.0000
63.089,0.0000
63.102,0.0000
63.117,0.0000
63.131,0.0000
63.144,0.0000
63.158,0.0000
63.172,0.0000
63.186,0.0000
63.200,0.0000
63.214,0.0000
63.228,0.0000
63.241,0.0000
63.256,0.0000
63.269,0.0000
63.283,0.0000
63.297,0.0000
63.311,0.0000
63.325,0.0000
63.338,0.0000
63.353,0.0000
63.367,0.0000
63.380,0.0000
63.394,0.0000
63.408,0.0000
63.422,0.0000
63.436,0.0000
63.450,0.0000
63.464,0.0000
63.478,0.0000
63.492,0.0000
63.506,0.0000
63.519,0.0000
63.533,0.0000
63.548,0.0000
63.561,0.0000
63.575,0.0000
63.589,0.0000
63.602,0.0000
63.617,0.0000
63.630,0.0000
63.645,0.0000
63.658,0.0000
63.672,0.0000
63.686,0.0000
63.700,0.0000
63.714,0.0000
63.728,0.0000
63.741,0.0000
63.755,0.0000
63.769,0.0000
63.784,0.0000
63.797,0.0000
63.811,0.0000
63.825,0.0000
63.838,0.0000
63.853,0.0000
63.866,0.0000
63.880,0.0000
63.895,0.0000
63.908,0.0000
63.922,0.0000
63.936,0.0000
63.950,0.0000
63.964,0.0000
63.978,0.0000
63.992,0.0000
64.006,0.0000
64.019,0.0000
64.033,0.0000
64.048,0.0000
64.061,0.0000
64.075,0.0000
64.089,0.0000
64.103,0.0000
64.117,0.0000
64.131,0.0000
64.145,0.0000
64.158,0.0000
64.173,0.0000
64.187,0.0000
64.200,0.0000
64.214,0.0000
64.228,0.0000
64.241,0.0000
64.256,0.0000
64.270,0.0000
64.284,0.0000
64.297,0.0000
64.312,0.0000
64.325,0.0000
64.339,0.0000
64.353,0.0000
64.367,0.0000
64.381,0.0000
64.395,0.0000
64.409,0.0000
64.422,0.0000
64.437,0.0000
64.450,0.0000
64.464,0.0000
64.478,0.0000
64.492,0.0000
64.506,0.0000
64.519,0.0000
64.534,0.0000
64.548,0.0000
64.561,0.0000
64.576,0.0000
64.590,0.0000
64.603,0.0000
64.617,0.0000
64.631,0.0000
64.645,0.0000
64.658,0.0000
64.673,0.0000
64.687,0.0000
64.700,0.0000
64.714,0.0000
64.728,0.0000
64.742,0.0000
64.756,0.0000
64.770,0.0000
64.784,0.0000
64.797,0.0000
64.812,0.0000
64.826,0.0000
64.839,0.0000
64.853,0.0000
64.867,0.0000
64.881,0.0000
64.895,0.0000
64.909,0.0000
64.922,0.0000
64.937,0.0000
64.951,0.0000
64.965,0.0000
64.978,0.0000
64.992,0.0000
65.006,0.0000
65.020,0.0000
65.034,0.0000
65.048,0.0000
65.061,0.0000
65.075,0.0000
65.089,0.0000
65.102,0.0000
65.117,0.0000
65.131,0.0000
65.145,0.0000
65.158,0.0000
65.172,0.0000
65.186,0.0000
65.200,0.0000
65.214,0.0000
65.228,0.0000
65.242,0.0000
65.256,0.0000
65.270,0.0000
65.284,0.0000
65.297,0.0000
65.312,0.0000
65.325,0.0000
65.339,0.0000
65.353,0.0000
65.367,0.0000
65.381,0.0000
65.395,0.0000
65.409,0.0000
65.422,0.0000
65.436,0.0000
65.450,0.0000
65.465,0.0000
65.478,0.0000
65.492,0.0000
65.506,0.0000
65.519,0.0000
65.533,0.0000
65.547,0.0000
65.561,0.0000
65.575,0.0000
65.589,0.0000
65.603,0.0000
65.617,0.0000
65.631,0.0000
65.645,0.0000
65.658,0.0000
65.673,0.0000
65.687,0.0000
65.700,0.0000
65.714,0.0000
65.728,0.0000
65.741,0.0000
65.756,0.0000
65.770,0.0000
65.784,0.0000
65.797,0.0000
65.812,0.0000
65.826,0.0000
65.839,0.0000
65.853,0.0000
65.867,0.0000
65.881,0.0000
65.895,0.0000
65.909,0.0000
65.922,0.0000
65.937,0.0000
65.950,0.0000
65.964,0.0000
65.978,0.0000
65.992,0.0000
66.006,0.0000
66.019,0.0000
66.034,0.0000
66.048,0.0000
66.061,0.0000
66.075,0.0000
66.089,0.0000
66.102,0.0000
66.117,0.0000
66.131,0.0000
66.148,0.0000
66.158,0.0000
66.172,0.0000
66.186,0.0000
66.200,0.0000
66.214,0.0000
66.228,0.0000
66.241,0.0000
66.256,0.0000
66.270,0.0000
66.284,0.0000
66.297,0.0000
66.311,0.0000
66.325,0.0000
66.339,0.0000
66.353,0.0000
66.367,0.0000
66.380,0.0000
66.395,0.0000
66.408,0.0000
66.422,0.0000
66.436,0.0000
66.450,0.0000
66.464,0.0000
66.478,0.0000
66.492,0.0000
66.506,0.0000
66.519,0.0000
66.533,0.0000
66.547,0.0000
66.561,0.0000
66.575,0.0000
66.589,0.0000
66.602,0.0000
66.617,0.0000
66.631,0.0000
66.645,0.0000
66.658,0.0000
66.672,0.0000
66.686,0.0000
66.700,0.0000
66.714,0.0000
66.728,0.0000
66.742,0.0000
66.756,0.0000
66.770,0.0000
66.784,0.0000
66.798,0.0000
66.812,0.0000
66.826,0.0000
66.839,0.0000
66.854,0.0000
66.868,0.0000
66.881,0.0000
66.896,0.0000
66.910,0.0000
66.924,0.0000
66.937,0.0000
66.952,0.0000
66.965,0.0000
66.979,0.0000
66.993,0.0000
67.007,0.0000
67.021,0.0000
67.035,0.0000
67.049,0.0000
67.062,0.0000
67.076,0.0000
67.090,0.0000
67.104,0.0000
67.117,0.0000
67.131,0.0000
67.146,0.0000
67.159,0.0000
67.173,0.0000
67.187,0.0000
67.200,0.0000
67.215,0.0000
67.229,0.0000
67.242,0.0000
67.256,0.0000
67.270,0.0000
67.284,0.0000
67.297,0.0000
67.311,0.0000
67.325,0.0000
67.339,0.0000
67.353,0.0000
67.367,0.0000
67.380,0.0000
67.394,0.0000
67.408,0.0000
67.422,0.0000
67.436,0.0000
67.450,0.0000
67.464,0.0000
67.478,0.0000
67.492,0.0000
67.505,0.0000
67.519,0.0000
67.533,0.0000
67.547,0.0000
67.561,0.0000
67.575,0.0000
67.589,0.0000
67.602,0.0000
67.617,0.0000
67.631,0.0000
67.645,0.0000
67.658,0.0000
67.672,0.0000
67.686,0.0000
67.700,0.0000
67.714,0.0000
67.728,0.0000
67.741,0.0000
67.756,0.0000
67.770,0.0000
67.784,0.0000
67.797,0.0000
67.811,0.0000
67.825,0.0000
67.838,0.0000
67.853,0.0000
67.867,0.0000
67.880,0.0000
67.895,0.0000
67.909,0.0000
67.922,0.0000
67.936,0.0000
67.950,0.0000
67.964,0.0000
67.977,0.0000
67.992,0.0000
68.006,0.0000
68.019,0.0000
68.033,0.0000
68.047,0.0000
68.061,0.0000
68.075,0.0000
68.089,0.0000
68.102,0.0000
68.117,0.0000
68.131,0.0000
68.145,0.0000
68.158,0.0000
68.172,0.0000
68.186,0.0000
68.200,0.0000
68.214,0.0000
68.228,0.0000
68.241,0.0000
68.256,0.0000
68.269,0.0000
68.284,0.0000
68.297,0.0000
68.311,0.0000
68.325,0.0000
68.338,0.0000
68.353,0.0000
68.367,0.0000
68.380,0.0000
68.394,0.0000
68.408,0.0000
68.422,0.0000
68.436,0.0000
68.450,0.0000
68.463,0.0000
68.478,0.0000
68.491,0.0000
68.505,0.0000
68.518,0.0000
68.533,0.0000
68.547,0.0000
68.560,0.0000
68.575,0.0000
68.589,0.0000
68.602,0.0000
68.616,0.0000
68.630,0.0000
68.644,0.0000
68.658,0.0000
68.672,0.0000
68.686,0.0000
68.700,0.0000
68.714,0.0000
68.728,0.0000
68.741,0.0000
68.756,0.0000
68.770,0.0000
68.784,0.0000
68.797,0.0000
68.812,0.0000
68.825,0.0000
68.839,0.0000
68.853,0.0000
68.867,0.0000
68.881,0.0000
68.895,0.0000
68.909,0.0000
68.922,0.0000
68.936,0.0000
68.950,0.0000
68.964,0.0000
68.978,0.0000
68.992,0.0000
69.006,0.0000
69.019,0.0000
69.034,0.0000
69.048,0.0000
69.061,0.0000
69.075,0.0000
69.089,0.0000
69.103,0.0000
69.117,0.0000
69.131,0.0000
69.145,0.0000
69.159,0.0000
69.173,0.0000
69.187,0.0000
69.200,0.0000
69.215,0.0000
69.228,0.0000
69.242,0.0000
69.256,0.0000
69.270,0.0000
69.284,0.0000
69.298,0.0000
69.312,0.0000
69.326,0.0000
69.339,0.0000
69.354,0.0000
69.368,0.0000
69.381,0.0000
69.396,0.0000
69.410,0.0000
69.423,0.0000
69.437,0.0000
69.451,0.0000
69.465,0.0000
69.479,0.0000
69.493,0.0000
69.506,0.0000
69.520,0.0000
69.534,0.0000
69.548,0.0000
69.562,0.0000
69.576,0.0000
69.590,0.0000
69.604,0.0000
69.617,0.0000
69.632,0.0000
69.646,0.0000
69.659,0.0000
69.673,0.0000
69.687,0.0000
69.701,0.0000
69.715,0.0000
69.729,0.0000
69.742,0.0000
69.756,0.0000
69.770,0.0000
69.784,0.0000
69.798,0.0000
69.812,0.0000
69.826,0.0000
69.839,0.0000
69.854,0.0000
69.867,0.0000
69.881,0.0000
69.895,0.0000
69.909,0.0000
69.922,0.0000
69.936,0.0000
69.951,0.0000
69.964,0.0000
69.978,0.0000
69.992,0.0000
70.006,0.0000
70.019,0.0000
70.033,0.0000
70.047,0.0000
70.061,0.0000
70.075,0.0000
70.089,0.0000
70.103,0.0000
70.117,0.0000
70.130,0.0000
70.145,0.0000
70.158,0.0000
70.172,0.0000
70.186,0.0000
70.199,0.0000
70.214,0.0000
70.228,0.0000
70.241,0.0000
70.255,0.0000
70.269,0.0000
70.283,0.0000
70.297,0.0000
70.311,0.0000
70.325,0.0000
70.339,0.0000
70.353,0.0000
70.367,0.0000
70.380,0.0000
70.394,0.0000
70.408,0.0000
70.422,0.0000
70.436,0.0000
70.450,0.0000
70.464,0.0000
70.477,0.0000
70.491,0.0000
70.505,0.0000
70.519,0.0000
70.533,0.0000
70.547,0.0000
70.560,0.0000
70.575,0.0000
70.589,0.0000
70.602,0.0000
70.616,0.0000
70.630,0.0000
70.644,0.0000
70.657,0.0000
70.672,0.0000
70.686,0.0000
70.699,0.0000
70.713,0.0000
70.727,0.0000
70.740,0.0000
70.755,0.0000
70.769,0.0000
70.782,0.0000
70.797,0.0000
70.811,0.0000
70.825,0.0000
70.838,0.0000
70.852,0.0000
70.866,0.0000
70.880,0.0000
70.894,0.0000
70.908,0.0000
70.921,0.0000
70.935,0.0000
70.949,0.0000
70.963,0.0000
70.977,0.0000
70.991,0.0000
71.005,0.0000
71.018,0.0000
71.033,0.0000
71.047,0.0000
71.060,0.0000
71.075,0.0000
71.089,0.0000
71.102,0.0000
71.116,0.0000
71.130,0.0000
71.144,0.0000
71.157,0.0000
71.172,0.0000
71.185,0.0000
71.199,0.0000
71.214,0.0000
71.227,0.0000
71.241,0.0000
71.255,0.0000
71.269,0.0000
71.282,0.0000
71.297,0.0000
71.311,0.0000
71.324,0.0000
71.338,0.0000
71.352,0.0000
71.366,0.0000
71.379,0.0000
71.394,0.0000
71.408,0.0000
71.421,0.0000
71.436,0.0000
71.449,0.0000
71.463,0.0000
71.478,0.0000
71.491,0.0000
71.505,0.0000
71.519,0.0000
71.533,0.0000
71.547,0.0000
71.560,0.0000
71.575,0.0000
71.588,0.0000
71.602,0.0000
71.616,0.0000
71.630,0.0000
71.644,0.0000
71.658,0.0000
71.672,0.0000
71.686,0.0000
71.699,0.0000
71.714,0.0000
71.727,0.0000
71.741,0.0000
71.756,0.0000
71.769,0.0000
71.783,0.0000
71.797,0.0000
71.811,0.0000
71.825,0.0000
71.838,0.0000
71.852,0.0000
71.866,0.0000
71.880,0.0000
71.894,0.0000
71.908,0.0000
71.922,0.0000
71.936,0.0000
71.950,0.0000
71.964,0.0000
71.977,0.0000
71.991,0.0000
72.005,0.0000
72.019,0.0000
72.033,0.0000
72.047,0.0000
72.060,0.0000
72.075,0.0000
72.089,0.0000
72.102,0.0000
72.117,0.0000
72.130,0.0000
72.144,0.0000
72.157,0.0000
72.171,0.0000
72.185,0.0000
72.199,0.0000
72.214,0.0000
72.228,0.0000
72.241,0.0000
72.255,0.0000
72.269,0.0000
72.283,0.0000
72.297,0.0000
72.311,0.0000
72.325,0.0000
72.338,0.0000
72.353,0.0000
72.366,0.0000
72.380,0.0000
72.394,0.0000
72.407,0.0000
72.421,0.0000
72.436,0.0000
72.449,0.0000
72.463,0.0000
72.477,0.0000
72.491,0.0000
72.505,0.0000
72.518,0.0000
72.533,0.0000
72.547,0.0000
72.560,0.0000
72.575,0.0000
72.589,0.0000
72.602,0.0000
72.616,0.0000
72.630,0.0000
72.644,0.0000
72.657,0.0000
72.672,0.0000
72.686,0.0000
72.699,0.0000
72.714,0.0000
72.728,0.0000
72.741,0.0000
72.755,0.0000
72.769,0.0000
72.783,0.0000
72.797,0.0000
72.811,0.0000
72.825,0.0000
72.838,0.0000
72.853,0.0000
72.866,0.0000
72.880,0.0000
72.894,0.0000
72.909,0.0000
72.922,0.0000
72.936,0.0000
72.950,0.0000
72.964,0.0000
72.977,0.0000
72.992,0.0000
73.005,0.0000
73.019,0.0000
73.033,0.0000
73.047,0.0000
73.060,0.0000
73.075,0.0000
73.089,0.0000
73.102,0.0000
73.117,0.0000
73.130,0.0000
73.145,0.0000
73.158,0.0000
73.172,0.0000
73.186,0.0000
73.200,0.0000
73.215,0.0000
73.228,0.0000
73.242,0.0000
73.256,0.0000
73.270,0.0000
73.284,0.0000
73.297,0.0000
73.312,0.0000
73.325,0.0000
73.339,0.0000
73.354,0.0000
73.367,0.0000
73.381,0.0000
73.395,0.0000
73.409,0.0000
73.423,0.0000
73.437,0.0000
73.451,0.0000
73.465,0.0000
73.479,0.0000
73.493,0.0000
73.507,0.0000
73.520,0.0000
73.534,0.0000
73.548,0.0000
73.562,0.0000
73.576,0.0000
73.590,0.0000
73.604,0.0000
73.618,0.0000
73.632,0.0000
73.646,0.0000
73.659,0.0000
73.673,0.0000
73.688,0.0000
73.701,0.0000
73.715,0.0000
73.729,0.0000
73.742,0.0000
73.757,0.0000
73.770,0.0000
73.784,0.0000
73.797,0.0000
73.812,0.0000
73.826,0.0000
73.839,0.0000
73.854,0.0000
73.868,0.0000
73.881,0.0000
73.896,0.0000
73.909,0.0000
73.923,0.0000
73.937,0.0000
73.951,0.0000
73.965,0.0000
73.978,0.0000
73.993,0.0000
74.007,0.0000
74.020,0.0000
74.034,0.0000
74.048,0.0000
74.061,0.0000
74.076,0.0000
74.090,0.0000
74.103,0.0000
74.117,0.0000
74.131,0.0000
74.145,0.0000
74.159,0.0000
74.173,0.0000
74.187,0.0000
74.200,0.0000
74.215,0.0000
74.229,0.0000
74.242,0.0000
74.256,0.0000
74.270,0.0000
74.284,0.0000
74.297,0.0000
74.312,0.0000
74.326,0.0000
74.339,0.0000
74.353,0.0000
74.367,0.0000
74.380,0.0000
74.394,0.0000
74.408,0.0000
74.421,0.0000
74.436,0.0000
74.450,0.0000
74.463,0.0000
74.477,0.0000
74.491,0.0000
74.504,0.0000
74.518,0.0000
74.532,0.0000
74.546,0.0000
74.559,0.0000
74.574,0.0000
74.588,0.0000
74.601,0.0000
74.616,0.0000
74.629,0.0000
74.644,0.0000
74.657,0.0000
74.671,0.0000
74.685,0.0000
74.698,0.0000
74.713,0.0000
74.727,0.0000
74.740,0.0000
74.754,0.0000
74.768,0.0000
74.782,0.0000
74.797,0.0000
74.810,0.0000
74.824,0.0000
74.837,0.0000
74.852,0.0000
74.866,0.0000
74.880,0.0000
74.894,0.0000
74.908,0.0000
74.921,0.0000
74.935,0.0000
74.949,0.0000
74.963,0.0000
74.977,0.0000
74.991,0.0000
75.005,0.0000
75.018,0.0000
75.033,0.0000
75.046,0.0000
75.060,0.0000
75.074,0.0000
75.088,0.0000
75.102,0.0000
75.116,0.0000
75.130,0.0000
75.144,0.0000
75.157,0.0000
75.172,0.0000
75.186,0.0000
75.199,0.0000
75.214,0.0000
75.227,0.0000
75.241,0.0000
75.255,0.0000
75.269,0.0000
75.283,0.0000
75.297,0.0000
75.311,0.0000
75.325,0.0000
75.338,0.0000
75.353,0.0000
75.367,0.0000
75.380,0.0000
75.394,0.0000
75.408,0.0000
75.422,0.0000
75.436,0.0000
75.450,0.0000
75.464,0.0000
75.478,0.0000
75.492,0.0000
75.505,0.0000
75.519,0.0000
75.533,0.0000
75.547,0.0000
75.560,0.0000
75.575,0.0000
75.589,0.0000
75.602,0.0000
75.617,0.0000
75.630,0.0000
75.644,0.0000
75.658,0.0000
75.672,0.0000
75.686,0.0000
75.699,0.0000
75.714,0.0000
75.727,0.0000
75.741,0.0000
75.756,0.0000
75.769,0.0000
75.783,0.0000
75.797,0.0000
75.811,0.0000
75.825,0.0000
75.838,0.0000
75.853,0.0000
75.867,0.0000
75.881,0.0000
75.895,0.0000
75.908,0.0000
75.921,0.0000
75.936,0.0000
75.950,0.0000
75.964,0.0000
75.977,0.0000
75.991,0.0000
76.005,0.0000
76.019,0.0000
76.033,0.0000
76.046,0.0000
76.060,0.0000
76.074,0.0000
76.088,0.0000
76.101,0.0000
76.115,0.0000
76.129,0.0000
76.143,0.0000
76.158,0.0000
76.171,0.0000
76.185,0.0000
76.198,0.0000
76.213,0.0000
76.226,0.0000
76.240,0.0000
76.254,0.0000
76.269,0.0000
76.282,0.0000
76.297,0.0000
76.311,0.0000
76.324,0.0000
76.338,0.0000
76.352,0.0000
76.366,0.0000
76.379,0.0000
76.394,0.0000
76.408,0.0000
76.421,0.0000
76.435,0.0000
76.450,0.0000
76.462,0.0000
76.477,0.0000
76.491,0.0000
76.504,0.0000
76.518,0.0000
76.532,0.0000
76.546,0.0000
76.560,0.0000
76.574,0.0000
76.588,0.0000
76.602,0.0000
76.616,0.0000
76.630,0.0000
76.644,0.0000
76.657,0.0000
76.671,0.0000
76.685,0.0000
76.698,0.0000
76.713,0.0000
76.727,0.0000
76.740,0.0000
76.755,0.0000
76.769,0.0000
76.782,0.0000
76.797,0.0000
76.810,0.0000
76.824,0.0000
76.837,0.0000
76.852,0.0000
76.866,0.0000
76.879,0.0000
76.894,0.0000
76.908,0.0000
76.921,0.0000
76.935,0.0000
76.949,0.0000
76.963,0.0000
76.977,0.0000
76.991,0.0000
77.005,0.0000
77.019,0.0000
77.033,0.0000
77.046,0.0000
77.060,0.0000
77.074,0.0000
77.088,0.0000
77.102,0.0000
77.116,0.0000
77.129,0.0000
77.144,0.0000
77.157,0.0000
77.171,0.0000
77.185,0.0000
77.199,0.0000
77.213,0.0000
77.227,0.0000
77.240,0.0000
77.255,0.0000
77.269,0.0000
77.282,0.0000
77.296,0.0000
77.310,0.0000
77.324,0.0000
77.337,0.0000
77.352,0.0000
77.365,0.0000
77.379,0.0000
77.393,0.0000
77.407,0.0000
77.421,0.0000
77.436,0.0000
77.449,0.0000
77.462,0.0000
77.477,0.0000
77.491,0.0000
77.505,0.0000
77.518,0.0000
77.532,0.0000
77.546,0.0000
77.560,0.0000
77.574,0.0000
77.588,0.0000
77.601,0.0000
77.616,0.0000
77.630,0.0000
77.644,0.0000
77.658,0.0000
77.672,0.0000
77.686,0.0000
77.699,0.0000
77.713,0.0000
77.727,0.0000
77.741,0.0000
77.755,0.0000
77.769,0.0000
77.783,0.0000
77.797,0.0000
77.811,0.0000
77.825,0.0000
77.838,0.0000
77.852,0.0000
77.867,0.0000
77.881,0.0000
77.894,0.0000
77.909,0.0000
77.922,0.0000
77.936,0.0000
77.950,0.0000
77.964,0.0000
77.977,0.0000
77.991,0.0000
78.005,0.0000
78.019,0.0000
78.033,0.0000
78.047,0.0000
78.060,0.0000
78.075,0.0000
78.089,0.0000
78.102,0.0000
78.116,0.0000
78.130,0.0000
78.145,0.0000
78.158,0.0000
78.172,0.0000
78.186,0.0000
78.199,0.0000
78.214,0.0000
78.228,0.0000
78.241,0.0000
78.255,0.0000
78.269,0.0000
78.283,0.0000
78.297,0.0000
78.310,0.0000
78.324,0.0000
78.338,0.0000
78.352,0.0000
78.366,0.0000
78.380,0.0000
78.394,0.0000
78.408,0.0000
78.421,0.0000
78.436,0.0000
78.450,0.0000
78.463,0.0000
78.477,0.0000
78.492,0.0000
78.505,0.0000
78.519,0.0000
78.533,0.0000
78.547,0.0000
78.560,0.0000
78.575,0.0000
78.589,0.0000
78.602,0.0000
78.616,0.0000
78.630,0.0000
78.644,0.0000
78.658,0.0000
78.672,0.0000
78.686,0.0000
78.699,0.0000
78.714,0.0000
78.727,0.0000
78.741,0.0000
78.755,0.0000
78.769,0.0000
78.783,0.0000
78.797,0.0000
78.811,0.0000
78.825,0.0000
78.838,0.0000
78.852,0.0000
78.866,0.0000
78.880,0.0000
78.894,0.0000
78.908,0.0000
78.922,0.0000
78.936,0.0000
78.950,0.0000
78.964,0.0000
78.977,0.0000
78.992,0.0000
79.006,0.0000
79.019,0.0000
79.033,0.0000
79.047,0.0000
79.061,0.0000
79.075,0.0000
79.089,0.0000
79.102,0.0000
79.116,0.0000
79.131,0.0000
79.145,0.0000
79.158,0.0000
79.172,0.0000
79.186,0.0000
79.199,0.0000
79.214,0.0000
79.228,0.0000
79.241,0.0000
79.256,0.0000
79.269,0.0000
79.283,0.0000
79.297,0.0000
79.311,0.0000
79.325,0.0000
79.338,0.0000
79.353,0.0000
79.366,0.0000
79.380,0.0000
79.394,0.0000
79.408,0.0000
79.421,0.0000
79.436,0.0000
79.450,0.0000
79.463,0.0000
79.477,0.0000
79.492,0.0000
79.505,0.0000
79.518,0.0000
79.533,0.0000
79.547,0.0000
79.560,0.0000
79.575,0.0000
79.588,0.0000
79.602,0.0000
79.617,0.0000
79.630,0.0000
79.644,0.0000
79.658,0.0000
79.672,0.0000
79.686,0.0000
79.699,0.0000
79.714,0.0000
79.728,0.0000
79.741,0.0000
79.756,0.0000
79.770,0.0000
79.784,0.0000
79.797,0.0000
79.812,0.0000
79.825,0.0000
79.839,0.0000
79.853,0.0000
79.867,0.0000
79.881,0.0000
79.895,0.0000
79.909,0.0000
79.922,0.0000
79.936,0.0000
79.951,0.0000
79.964,0.0000
79.978,0.0000
79.992,0.0000
80.006,0.0000
80.020,0.0000
80.034,0.0000
80.048,0.0000
80.061,0.0000
80.076,0.0000
80.089,0.0000
80.103,0.0000
80.117,0.0000
80.131,0.0000
80.145,0.0000
80.158,0.0000
80.173,0.0000
80.187,0.0000
80.200,0.0000
80.215,0.0000
80.228,0.0000
80.242,0.0000
80.256,0.0000
80.270,0.0000
80.284,0.0000
80.297,0.0000
80.312,0.0000
80.325,0.0000
80.339,0.0000
80.353,0.0000
80.367,0.0000
80.381,0.0000
80.395,0.0000
80.409,0.0000
80.422,0.0000
80.437,0.0000
80.451,0.0000
80.464,0.0000
80.478,0.0000
80.492,0.0000
80.506,0.0000
80.520,0.0000
80.534,0.0000
80.548,0.0000
80.561,0.0000
80.576,0.0000
80.589,0.0000
80.603,0.0000
80.617,0.0000
80.631,0.0000
80.645,0.0000
80.658,0.0000
80.673,0.0000
80.687,0.0000
80.700,0.0000
80.714,0.0000
80.728,0.0000
80.742,0.0000
80.756,0.0000
80.770,0.0000
80.784,0.0000
80.797,0.0000
80.812,0.0000
80.826,0.0000
80.839,0.0000
80.853,0.0000
80.867,0.0000
80.881,0.0000
80.895,0.0000
80.909,0.0000
80.922,0.0000
80.937,0.0000
80.951,0.0000
80.965,0.0000
80.978,0.0000
80.992,0.0000
81.006,0.0000
81.020,0.0000
81.034,0.0000
81.048,0.0000
81.061,0.0000
81.076,0.0000
81.090,0.0000
81.103,0.0000
81.117,0.0000
81.131,0.0000
81.145,0.0000
81.158,0.0000
81.173,0.0000
81.187,0.0000
81.200,0.0000
81.214,0.0000
81.229,0.0000
81.242,0.0000
81.256,0.0000
81.270,0.0000
81.284,0.0000
81.297,0.0000
81.312,0.0000
81.325,0.0000
81.339,0.0000
81.353,0.0000
81.367,0.0000
81.381,0.0000
81.395,0.0000
81.409,0.0000
81.423,0.0000
81.437,0.0000
81.451,0.0000
81.464,0.0000
81.478,0.0000
81.492,0.0000
81.506,0.0000
81.519,0.0000
81.534,0.0000
81.548,0.0000
81.561,0.0000
81.575,0.0000
81.589,0.0000
81.603,0.0000
81.617,0.0000
81.631,0.0000
81.645,0.0000
81.658,0.0000
81.673,0.0000
81.687,0.0000
81.700,0.0000
81.714,0.0000
81.728,0.0000
81.742,0.0000
81.756,0.0000
81.770,0.0000
81.784,0.0000
81.797,0.0000
81.811,0.0000
81.826,0.0000
81.839,0.0000
81.853,0.0000
81.867,0.0000
81.881,0.0000
81.895,0.0000
81.909,0.0000
81.922,0.0000
81.937,0.0000
81.951,0.0000
81.964,0.0000
81.981,0.0000
81.992,0.0000
82.006,0.0000
82.019,0.0000
82.034,0.0000
82.048,0.0000
82.061,0.0000
82.076,0.0000
82.089,0.0000
82.103,0.0000
82.117,0.0000
82.131,0.0000
82.145,0.0000
82.158,0.0000
82.173,0.0000
82.186,0.0000
82.200,0.0000
82.214,0.0000
82.228,0.0000
82.241,0.0000
82.256,0.0000
82.270,0.0000
82.284,0.0000
82.297,0.0000
82.311,0.0000
82.326,0.0000
82.339,0.0000
82.353,0.0000
82.367,0.0000
82.380,0.0000
82.395,0.0000
82.409,0.0000
82.422,0.0000
82.436,0.0000
82.451,0.0000
82.464,0.0000
82.478,0.0000
82.492,0.0000
82.506,0.0000
82.519,0.0000
82.533,0.0000
82.548,0.0000
82.561,0.0000
82.575,0.0000
82.589,0.0000
82.602,0.0000
82.617,0.0000
82.631,0.0000
82.645,0.0000
82.658,0.0000
82.672,0.0000
82.686,0.0000
82.700,0.0000
82.714,0.0000
82.728,0.0000
82.741,0.0000
82.756,0.0000
82.770,0.0000
82.784,0.0000
82.797,0.0000
82.811,0.0000
82.825,0.0000
82.839,0.0000
82.853,0.0000
82.867,0.0000
82.881,0.0000
82.895,0.0000
82.909,0.0000
82.922,0.0000
82.937,0.0000
82.950,0.0000
82.964,0.0000
82.978,0.0000
82.992,0.0000
83.006,0.0000
83.019,0.0000
83.034,0.0000
83.048,0.0000
83.061,0.0000
83.075,0.0000
83.089,0.0000
83.103,0.0000
83.117,0.0000
83.131,0.0000
83.145,0.0000
83.158,0.0000
83.172,0.0000
83.186,0.0000
83.200,0.0000
83.214,0.0000
83.228,0.0000
83.241,0.0000
83.256,0.0000
83.270,0.0000
83.284,0.0000
83.297,0.0000
83.311,0.0000
83.325,0.0000
83.339,0.0000
83.354,0.0000
83.367,0.0000
83.380,0.0000
83.394,0.0000
83.408,0.0000
83.422,0.0000
83.436,0.0000
83.451,0.0000
83.464,0.0000
83.478,0.0000
83.492,0.0000
83.506,0.0000
83.519,0.0000
83.533,0.0000
83.547,0.0000
83.561,0.0000
83.575,0.0000
83.589,0.0000
83.602,0.0000
83.617,0.0000
83.631,0.0000
83.645,0.0000
83.658,0.0000
83.673,0.0000
83.687,0.0000
83.700,0.0000
83.714,0.0000
83.728,0.0000
83.741,0.0000
83.756,0.0000
83.770,0.0000
83.784,0.0000
83.797,0.0000
83.811,0.0000
83.825,0.0000
83.838,0.0000
83.853,0.0000
83.867,0.0000
83.881,0.0000
83.895,0.0000
83.909,0.0000
83.922,0.0000
83.936,0.0000
83.950,0.0000
83.964,0.0000
83.977,0.0000
83.992,0.0000
84.006,0.0000
84.019,0.0000
84.034,0.0000
84.047,0.0000
84.061,0.0000
84.076,0.0000
84.089,0.0000
84.102,0.0000
84.117,0.0000
84.130,0.0000
84.145,0.0000
84.158,0.0000
84.172,0.0000
84.186,0.0000
84.200,0.0000
84.214,0.0000
84.228,0.0000
84.241,0.0000
84.255,0.0000
84.269,0.0000
84.283,0.0000
84.297,0.0000
84.311,0.0000
84.325,0.0000
84.338,0.0000
84.353,0.0000
84.366,0.0000
84.380,0.0000
84.394,0.0000
84.408,0.0000
84.422,0.0000
84.436,0.0000
84.450,0.0000
84.463,0.0000
84.477,0.0000
84.491,0.0000
84.504,0.0000
84.518,0.0000
84.532,0.0000
84.546,0.0000
84.559,0.0000
84.574,0.0000
84.588,0.0000
84.601,0.0000
84.615,0.0000
84.629,0.0000
84.642,0.0000
84.657,0.0000
84.670,0.0000
84.684,0.0000
84.698,0.0000
84.712,0.0000
84.726,0.0000
84.739,0.0000
84.754,0.0000
84.768,0.0000
84.781,0.0000
84.795,0.0000
84.809,0.0000
84.823,0.0000
84.837,0.0000
84.851,0.0000
84.865,0.0000
84.879,0.0000
84.893,0.0000
84.907,0.0000
84.920,0.0000
84.935,0.0000
84.948,0.0000
84.962,0.0000
84.976,0.0000
84.990,0.0000
85.003,0.0000
85.017,0.0000
85.031,0.0000
85.046,0.0000
85.058,0.0000
85.073,0.0000
85.087,0.0000
85.100,0.0000
85.115,0.0000
85.128,0.0000
85.142,0.0000
85.156,0.0000
85.170,0.0000
85.184,0.0000
85.198,0.0000
85.212,0.0000
85.226,0.0000
85.239,0.0000
85.254,0.0000
85.267,0.0000
85.281,0.0000
85.295,0.0000
85.309,0.0000
85.323,0.0000
85.337,0.0000
85.351,0.0000
85.365,0.0000
85.378,0.0000
85.393,0.0000
85.407,0.0000
85.420,0.0000
85.435,0.0000
85.448,0.0000
85.462,0.0000
85.476,0.0000
85.490,0.0000
85.504,0.0000
85.517,0.0000
85.531,0.0000
85.545,0.0000
85.559,0.0000
85.573,0.0000
85.587,0.0000
85.600,0.0000
85.615,0.0000
85.629,0.0000
85.643,0.0000
85.657,0.0000
85.671,0.0000
85.685,0.0000
85.699,0.0000
85.713,0.0000
85.727,0.0000
85.740,0.0000
85.756,0.0000
85.769,0.0000
85.783,0.0000
85.797,0.0000
85.811,0.0000
85.825,0.0000
85.838,0.0000
85.853,0.0000
85.866,0.0000
85.880,0.0000
85.894,0.0000
85.908,0.0000
85.922,0.0000
85.936,0.0000
85.950,0.0000
85.964,0.0000
85.978,0.0000
85.992,0.0000
86.005,0.0000
86.019,0.0000
86.033,0.0000
86.048,0.0000
86.061,0.0000
86.075,0.0000
86.089,0.0000
86.102,0.0000
86.117,0.0000
86.130,0.0000
86.144,0.0000
86.157,0.0000
86.171,0.0000
86.185,0.0000
86.199,0.0000
86.213,0.0000
86.227,0.0000
86.240,0.0000
86.254,0.0000
86.268,0.0000
86.282,0.0000
86.296,0.0000
86.310,0.0000
86.324,0.0000
86.337,0.0000
86.351,0.0000
86.365,0.0000
86.379,0.0000
86.393,0.0000
86.407,0.0000
86.420,0.0000
86.435,0.0000
86.449,0.0000
86.462,0.0000
86.477,0.0000
86.490,0.0000
86.504,0.0000
86.518,0.0000
86.532,0.0000
86.546,0.0000
86.559,0.0000
86.574,0.0000
86.588,0.0000
86.601,0.0000
86.615,0.0000
86.629,0.0000
86.643,0.0000
86.657,0.0000
86.671,0.0000
86.684,0.0000
86.698,0.0000
86.712,0.0000
86.726,0.0000
86.740,0.0000
86.754,0.0000
86.767,0.0000
86.781,0.0000
86.796,0.0000
86.809,0.0000
86.823,0.0000
86.837,0.0000
86.851,0.0000
86.865,0.0000
86.878,0.0000
86.892,0.0000
86.906,0.0000
86.920,0.0000
86.934,0.0000
86.948,0.0000
86.961,0.0000
86.976,0.0000
86.990,0.0000
87.004,0.0000
87.017,0.0000
87.031,0.0000
87.045,0.0000
87.059,0.0000
87.073,0.0000
87.087,0.0000
87.100,0.0000
87.115,0.0000
87.129,0.0000
87.143,0.0000
87.156,0.0000
87.170,0.0000
87.184,0.0000
87.198,0.0000
87.212,0.0000
87.226,0.0000
87.239,0.0000
87.254,0.0000
87.268,0.0000
87.281,0.0000
87.295,0.0000
87.309,0.0000
87.323,0.0000
87.337,0.0000
87.351,0.0000
87.365,0.0000
87.379,0.0000
87.393,0.0000
87.406,0.0000
87.420,0.0000
87.434,0.0000
87.448,0.0000
87.461,0.0000
87.476,0.0000
87.490,0.0000
87.503,0.0000
87.517,0.0000
87.532,0.0000
87.545,0.0000
87.558,0.0000
87.573,0.0000
87.587,0.0000
87.601,0.0000
87.615,0.0000
87.629,0.0000
87.644,0.0000
87.657,0.0000
87.671,0.0000
87.686,0.0000
87.699,0.0000
87.714,0.0000
87.727,0.0000
87.741,0.0000
87.755,0.0000
87.769,0.0000
87.783,0.0000
87.797,0.0000
87.811,0.0000
87.825,0.0000
87.838,0.0000
87.853,0.0000
87.866,0.0000
87.880,0.0000
87.894,0.0000
87.909,0.0000
87.922,0.0000
87.936,0.0000
87.950,0.0000
87.964,0.0000
87.977,0.0000
87.992,0.0000
88.005,0.0000
88.019,0.0000
88.033,0.0000
88.047,0.0000
88.061,0.0000
88.076,0.0000
88.089,0.0000
88.102,0.0000
88.116,0.0000
88.130,0.0000
88.145,0.0000
88.158,0.0000
88.172,0.0000
88.186,0.0000
88.199,0.0000
88.214,0.0000
88.227,0.0000
88.241,0.0000
88.255,0.0000
88.269,0.0000
88.283,0.0000
88.297,0.0000
88.311,0.0000
88.325,0.0000
88.338,0.0000
88.352,0.0000
88.366,0.0000
88.379,0.0000
88.394,0.0000
88.407,0.0000
88.421,0.0000
88.435,0.0000
88.450,0.0000
88.463,0.0000
88.477,0.0000
88.491,0.0000
88.505,0.0000
88.518,0.0000
88.533,0.0000
88.547,0.0000
88.560,0.0000
88.574,0.0000
88.589,0.0000
88.602,0.0000
88.616,0.0000
88.630,0.0000
88.645,0.0000
88.658,0.0000
88.672,0.0000
88.686,0.0000
88.699,0.0000
88.714,0.0000
88.728,0.0000
88.741,0.0000
88.755,0.0000
88.769,0.0000
88.783,0.0000
88.797,0.0000
88.811,0.0000
88.825,0.0000
88.838,0.0000
88.853,0.0000
88.866,0.0000
88.880,0.0000
88.894,0.0000
88.908,0.0000
88.922,0.0000
88.936,0.0000
88.950,0.0000
88.964,0.0000
88.977,0.0000
88.991,0.0000
89.005,0.0000
89.018,0.0000
89.032,0.0000
89.046,0.0000
89.060,0.0000
89.074,0.0000
89.088,0.0000
89.101,0.0000
89.116,0.0000
89.129,0.0000
89.143,0.0000
89.157,0.0000
89.171,0.0000
89.185,0.0000
89.198,0.0000
89.212,0.0000
89.226,0.0000
89.240,0.0000
89.254,0.0000
89.268,0.0000
89.281,0.0000
89.295,0.0000
89.310,0.0000
89.323,0.0000
89.337,0.0000
89.351,0.0000
89.365,0.0000
89.379,0.0000
89.393,0.0000
89.407,0.0000
89.420,0.0000
89.434,0.0000
89.449,0.0000
89.462,0.0000
89.477,0.0000
89.490,0.0000
89.504,0.0000
89.517,0.0000
89.532,0.0000
89.546,0.0000
89.559,0.0000
89.573,0.0000
89.587,0.0000
89.601,0.0000
89.615,0.0000
89.629,0.0000
89.643,0.0000
89.656,0.0000
89.670,0.0000
89.684,0.0000
89.698,0.0000
89.712,0.0000
89.726,0.0000
89.739,0.0000
89.754,0.0000
89.767,0.0000
89.781,0.0000
89.795,0.0000
89.810,0.0000
89.823,0.0000
89.837,0.0000
89.851,0.0000
89.865,0.0000
89.879,0.0000
89.893,0.0000
89.907,0.0000
89.920,0.0000
89.934,0.0000
89.949,0.0000
89.962,0.0000
89.976,0.0000
89.990,0.0000
90.004,0.0000
90.017,0.0000
90.032,0.0000
90.046,0.0000
90.059,0.0000
90.073,0.0000
90.087,0.0000
90.101,0.0000
90.115,0.0000
90.129,0.0000
90.142,0.0000
90.157,0.0000
90.170,0.0000
90.185,0.0000
90.198,0.0000
90.212,0.0000
90.226,0.0000
90.240,0.0000
90.254,0.0000
90.268,0.0000
90.281,0.0000
90.296,0.0000
90.310,0.0000
90.323,0.0000
90.337,0.0000
90.351,0.0000
90.365,0.0000
90.379,0.0000
90.393,0.0000
90.407,0.0000
90.420,0.0000
90.435,0.0000
90.449,0.0000
90.462,0.0000
90.476,0.0000
90.490,0.0000
90.504,0.0000
90.518,0.0000
90.532,0.0000
90.546,0.0000
90.559,0.0000
90.573,0.0000
90.587,0.0000
90.601,0.0000
90.615,0.0000
90.629,0.0000
90.643,0.0000
90.657,0.0000
90.670,0.0000
90.684,0.0000
90.698,0.0000
90.713,0.0000
90.726,0.0000
90.740,0.0000
90.754,0.0000
90.768,0.0000
90.781,0.0000
90.796,0.0000
90.810,0.0000
90.824,0.0000
90.837,0.0000
90.851,0.0000
90.865,0.0000
90.879,0.0000
90.893,0.0000
90.907,0.0000
90.921,0.0000
90.935,0.0000
90.948,0.0000
90.962,0.0000
90.978,0.0000
90.988,0.0000
91.004,0.0000
91.017,0.0000
91.032,0.0000
91.046,0.0000
91.060,0.0000
91.074,0.0000
91.087,0.0000
91.099,0.0000
91.114,0.0000
91.127,0.0000
91.141,0.0000
91.155,0.0000
91.169,0.0000
91.183,0.0000
91.197,0.0000
91.211,0.0000
91.225,0.0000
91.239,0.0000
91.253,0.0000
91.267,0.0000
91.280,0.0000
91.294,0.0000
91.309,0.0000
91.322,0.0000
91.336,0.0000
91.350,0.0000
91.364,0.0000
91.378,0.0000
91.392,0.0000
91.406,0.0000
91.419,0.0000
91.433,0.0000
91.447,0.0000
91.461,0.0000
91.479,0.0000
91.490,0.0000
91.507,0.0000
91.516,0.0000
91.541,0.0000
91.558,0.0000
91.573,0.0000
91.590,0.0000
91.599,0.0000
91.613,0.0000
91.627,0.0000
91.640,0.0000
91.654,0.0000
91.668,0.0000
91.682,0.0000
91.696,0.0000
91.710,0.0000
91.724,0.0000
91.738,0.0000
91.752,0.0000
91.766,0.0000
91.780,0.0000
91.794,0.0000
91.808,0.0000
91.821,0.0000
91.835,0.0000
91.850,0.0000
91.863,0.0000
91.877,0.0000
91.891,0.0000
91.905,0.0000
91.919,0.0000
91.933,0.0000
91.947,0.0000
91.960,0.0000
91.974,0.0000
91.988,0.0000
92.002,0.0000
92.016,0.0000
92.030,0.0000
92.044,0.0000
92.058,0.0000
92.072,0.0000
92.086,0.0000
92.099,0.0000
92.114,0.0000
92.128,0.0000
92.141,0.0000
92.155,0.0000
92.169,0.0000
92.183,0.0000
92.197,0.0000
92.211,0.0000
92.225,0.0000
92.238,0.0000
92.253,0.0000
92.267,0.0000
92.280,0.0000
92.294,0.0000
92.308,0.0000
92.321,0.0000
92.336,0.0000
92.350,0.0000
92.364,0.0000
92.377,0.0000
92.391,0.0000
92.405,0.0000
92.419,0.0000
92.433,0.0000
92.447,0.0000
92.460,0.0000
92.475,0.0000
92.489,0.0000
92.502,0.0000
92.517,0.0000
92.531,0.0000
92.545,0.0000
92.558,0.0000
92.572,0.0000
92.586,0.0000
92.600,0.0000
92.614,0.0000
92.628,0.0000
92.641,0.0000
92.655,0.0000
92.669,0.0000
92.683,0.0000
92.697,0.0000
92.711,0.0000
